Rank,playerId,playerImageId,Player,playerFullName,pos,teamImageId,teamName,teamShortName,teamAbbrevName,newestTeamId,newestTeam,newestTeamColor,newestLeagueId,newestLeague,optaPersonId,firstName,lastName,Position,GM,Min,Age,GS,MinIncET,KMHSPEED,OutPossHighDecels,OutPossHighAccels,OutPossDistSprint,OutPossDistHSRun,DistanceRunOutPoss,InPossHighDecels,InPossHighAccels,InPossDistSprint,InPossDistHSRun,DistanceRunInPoss,TopSpeed,ScndHalfHighDecels,ScndHalfHighAccels,ScndHalfDistSprint,ScndHalfDistHSRun,DistanceRunScndHalf,FirstHalfHighDecels,FirstHalfHighAccels,FirstHalfDistSprint,FirstHalfDistHSRun,DistanceRunFirstHalf
1,bl2fdhcnnja0uvg4oeal696tx,164523,Bruno Ramires,Bruno Ramires,Left Centre Back,3183,Hapoel Haifa,H Haifa,HHA,7cd60mgte8skipavum0o6ecyo,Hapoel Haifa,,2xg0qvif1rh7du6wmk2eleku3,Ligat Ha'al,200920,Bruno Edgar,Silva Almeida,Left Centre Back,1,90,31,1,102,25.24,4,3,32.5,167.3,5252.6,1,3,19.3,124.2,5090.4,7.01,0,3,28.3,148.1,5389.0,5,3,23.5,143.6,4965.8
1,57xh6w1j0446ks4cpem2co5at,180777,M. Stevanovic,Miladin Stevanovic,Right Centre Back,16514,Maccabi Bnei Raina,Bnei Raina,RNA,bvgvmydv5tuf6lxvwvuwbrfje,Maccabi Bnei Raina,,2xg0qvif1rh7du6wmk2eleku3,Ligat Ha'al,199286,Miladin,Stevanovic,Right Centre Back,1,90,29,1,103,26.96,9,5,92.9,325.5,5716.0,7,1,11.7,125.6,4469.2,7.49,10,3,60.3,171.2,4665.9,6,3,44.3,280.6,5535.3
1,6au98nxmxt6hd6xahen6v0v6d,223504,A. Ugarriza,Adrián Ugarriza,Centre Forward,2788,Ironi Kiryat Shmona,Kiryat Shmona,IKS,e2ryr6aied781hzc7hx9yntk8,Ironi Kiryat Shmona,#D3D3D3,2xg0qvif1rh7du6wmk2eleku3,Ligat Ha'al,196262,Adrián,Ugarriza,Centre Forward,1,81,28,1,81,27.30,6,4,40.4,156.8,4739.4,1,6,84.9,290.8,3706.0,7.58,4,4,32.4,184.1,3583.0,3,7,92.9,264.2,4875.5
1,6fhhm1c5zl8hr65oux0da9vbp,201859,Hélder Lopes,Hélder Lopes,Left Back,3012,Hapoel Be'er Sheva,H Be'er Sheva,HBS,9ppjmek1r3tb9yddebneaxj7i,Hapoel Be'er Sheva,#ff0000,2xg0qvif1rh7du6wmk2eleku3,Ligat Ha'al,124907,Hélder Filipe,Oliveira Lopes,Left Back,1,63,36,1,66,27.79,10,7,103.4,333.7,2989.2,9,2,44.2,368.5,5188.6,7.72,2,1,17.5,137.9,1908.2,17,8,130.4,565.3,6278.4
1,3gxpefndkobgr2j35yidlhvx1,223392,Daniel,Daniel,Goalkeeper,2788,Ironi Kiryat Shmona,Kiryat Shmona,IKS,e2ryr6aied781hzc7hx9yntk8,Ironi Kiryat Shmona,#D3D3D3,2xg0qvif1rh7du6wmk2eleku3,Ligat Ha'al,196852,Daniel,Miller Tenenbaum,Goalkeeper,1,90,30,1,95,16.60,0,0,0.0,0.0,2417.9,0,1,0.0,0.0,2046.7,4.61,0,0,0.0,0.0,2260.4,0,1,0.0,0.0,2210.2
1,uxb0rai8lghcq59m2r6bkzpx,165143,K. Saief,Kenny Saief,Left Back,491,Maccabi Haifa,M Haifa,MHA,bglyqy0awtu6lzvpab390rir2,Maccabi Haifa,#008000,2xg0qvif1rh7du6wmk2eleku3,Ligat Ha'al,94255,Kenny,Saief,Left Back,1,61,31,1,64,30.20,4,4,113.9,204.4,2560.7,6,3,49.2,201.9,4485.7,8.39,2,0,3.2,39.8,1549.7,9,7,160.2,366.8,5506.5
1,ebnm8xj9pggemio5qay9pcc0l,142971,A. Limbombe,Anthony Limbombe,Left Winger,2788,Ironi Kiryat Shmona,Kiryat Shmona,IKS,e2ryr6aied781hzc7hx9yntk8,Ironi Kiryat Shmona,#D3D3D3,2xg0qvif1rh7du6wmk2eleku3,Ligat Ha'al,88931,Anthony,Limbombe,Left Winger,1,69,31,1,69,29.33,8,9,63.6,319.3,4221.3,10,8,179.1,315.5,3456.5,8.15,6,5,64.9,209.6,2776.8,12,13,177.8,425.4,4911.7
1,9zcqenv7ss9zzulbtxbv09yvp,111216,N. Bitton,Nir Bitton,Left Centre Back,1942,Ashdod,Ashdod,ASH,3xbrfd77vj0zi8vbrnwqz54z,Ashdod,,2xg0qvif1rh7du6wmk2eleku3,Ligat Ha'al,74438,Nir,Bitton,Left Centre Back,1,90,33,1,103,26.70,6,12,78.2,195.5,4019.4,6,0,14.7,93.1,5328.2,7.42,5,2,73.4,153.7,4731.8,8,10,19.9,135.1,4630.6
1,diyyjxujtwg2wlp1na81cuhn9,181445,O. Atzili,Omer Atzili,Right Attacking Midfielder,469,Beitar Jerusalem,Beitar,BJM,cx0rucvdzkg1yd00vrueu2u7,Beitar Jerusalem,,2xg0qvif1rh7du6wmk2eleku3,Ligat Ha'al,182459,Omer,Atzili,Right Attacking Midfielder,1,86,32,1,89,29.08,5,8,79.3,276.5,6569.6,2,6,57.7,221.7,3067.8,8.08,2,6,21.4,191.3,4320.1,5,9,115.5,307.7,5330.5
1,crdmczlhynym2z1adqlbt853p,286651,F. Mayembo,Fernand Mayembo,Right Centre Back,245,Hapoel Tel Aviv,Hapoel TA,HTA,dv6fn97f0kx4x988y86gkmwb8,Hapoel Tel Aviv,#ff0000,2xg0qvif1rh7du6wmk2eleku3,Ligat Ha'al,235708,Fernand,Mayembo,Right Centre Back,1,90,29,1,103,31.14,8,5,152.4,249.2,4137.5,4,7,33.0,202.9,5397.2,8.65,7,7,125.7,188.7,4746.8,5,6,60.1,263.9,4803.7
1,b1aao6f1gdguppisse26rv8q1,490217,E. Peretz,Eliel Peretz,Defensive Midfielder,3012,Hapoel Be'er Sheva,H Be'er Sheva,HBS,9ppjmek1r3tb9yddebneaxj7i,Hapoel Be'er Sheva,#ff0000,2xg0qvif1rh7du6wmk2eleku3,Ligat Ha'al,228215,Eliel,Peretz,Defensive Midfielder,1,72,28,1,75,28.67,5,6,103.8,246.7,3254.0,7,7,35.1,191.6,5657.1,7.96,3,9,30.1,168.5,3198.3,9,4,108.8,269.7,5722.1
1,3y7h2e79gvzrqor9gg854dl91,263520,Miguel Silva,Miguel Silva,Goalkeeper,469,Beitar Jerusalem,Beitar,BJM,cx0rucvdzkg1yd00vrueu2u7,Beitar Jerusalem,,2xg0qvif1rh7du6wmk2eleku3,Ligat Ha'al,219469,João Miguel,Macedo Silva,Goalkeeper,1,90,30,1,101,23.22,0,0,0.0,2.1,3326.0,0,1,10.5,21.7,2096.1,6.45,0,0,0.0,0.0,2712.4,0,1,10.5,23.8,2717.5
1,jx4qgvdq5vsa0hvgqh73mf2t,482049,C. Martínez,Cristian Martínez,Central Midfielder,2788,Ironi Kiryat Shmona,Kiryat Shmona,IKS,e2ryr6aied781hzc7hx9yntk8,Ironi Kiryat Shmona,#D3D3D3,2xg0qvif1rh7du6wmk2eleku3,Ligat Ha'al,226637,Cristian,Martínez,Central Midfielder,1,90,28,1,95,27.94,13,8,61.6,403.0,6478.6,10,5,89.5,235.1,4630.5,7.76,11,7,78.4,318.4,5627.9,13,8,72.9,320.7,5498.0
1,2ffmtapkhzor2x5a4cybj3w7p,179847,D. Peretz,Dor Peretz,Centre Attacking Midfielder,1007,Maccabi Tel Aviv,Maccabi TA,MTA,ealjallt13942jb2q2hk4buxa,Maccabi Tel Aviv,#FFFF00,2xg0qvif1rh7du6wmk2eleku3,Ligat Ha'al,212313,Dor,Peretz,Centre Attacking Midfielder,1,90,30,1,96,30.16,6,1,86.6,276.7,4821.1,13,12,243.6,352.4,5221.1,8.38,6,8,187.6,336.4,4903.1,13,6,142.9,293.7,5151.9
1,8nbsd8nw6diupw0tsjx146x1x,218380,Sambinha,Sambinha,Central Defender,18909,Ironi Tiberias,I Tiberias,ITB,8k3kbfzfqi2senhosaaimvgjm,Ironi Tiberias,,2xg0qvif1rh7du6wmk2eleku3,Ligat Ha'al,221990,Mamadu Samba,Candé,Central Defender,1,15,32,1,13,24.95,3,1,5.4,31.0,874.0,0,2,0.0,6.1,489.9,6.93,0,0,0.0,0.0,0.0,3,3,5.4,37.1,1365.5
1,bnclh7nvu75morjmkv1dskzjd,329667,M. Usman,Mohammed Usman,Central Midfielder,18909,Ironi Tiberias,I Tiberias,ITB,8k3kbfzfqi2senhosaaimvgjm,Ironi Tiberias,,2xg0qvif1rh7du6wmk2eleku3,Ligat Ha'al,230193,Mohammed,Usman,Central Midfielder,1,45,31,1,50,26.31,0,0,20.0,123.4,3542.4,2,3,23.4,128.8,2090.1,7.31,0,0,0.0,0.0,0.0,2,3,43.4,252.5,5638.4
1,8f5suoft1lt9thk1arm4u8max,460709,A. Mendy,Arial Mendy,Left Back,469,Beitar Jerusalem,Beitar,BJM,cx0rucvdzkg1yd00vrueu2u7,Beitar Jerusalem,,2xg0qvif1rh7du6wmk2eleku3,Ligat Ha'al,222853,Arial,Mendy,Left Back,1,90,30,1,101,26.32,12,5,71.9,347.8,7088.6,4,3,29.8,58.3,3203.1,7.31,7,5,41.6,181.4,5234.3,9,3,60.2,225.4,5071.3
1,9cayi832oi3j02gimpa6995g5,229961,D. Keltjens,David Keltjens,Left Centre Back,18909,Ironi Tiberias,I Tiberias,ITB,8k3kbfzfqi2senhosaaimvgjm,Ironi Tiberias,,2xg0qvif1rh7du6wmk2eleku3,Ligat Ha'al,154080,David,Keltjens,Left Centre Back,1,73,30,1,75,23.81,2,3,8.6,131.3,4697.2,2,2,2.5,31.6,2740.2,6.61,0,0,0.0,43.9,2539.2,4,5,11.1,118.9,4906.1
1,lvbnk881mde943xx8nrr1nmd,220179,E. Ansah,Eugene Ansah,Left Attacking Midfielder,1942,Ashdod,Ashdod,ASH,3xbrfd77vj0zi8vbrnwqz54z,Ashdod,,2xg0qvif1rh7du6wmk2eleku3,Ligat Ha'al,174283,Eugene,Ansah,Left Attacking Midfielder,1,78,30,1,82,30.83,9,1,27.8,111.4,3277.0,18,10,245.0,337.6,4780.0,8.56,9,1,131.7,137.2,2839.7,18,10,141.8,312.5,5229.3
1,6dxqoaegil8ddaevkqp16vhlh,124924,O. Dgani,Orel Dgani,Right Centre Back,2792,Hapoel Petah Tikva,H Petah Tikva,HPT,1f4f869ya31jh0biwiipqxpj2,Hapoel Petah Tikva,,2xg0qvif1rh7du6wmk2eleku3,Ligat Ha'al,74369,Orel,Dgani,Right Centre Back,1,90,36,1,95,28.05,7,6,48.8,312.9,4293.9,3,4,31.2,84.8,4977.8,7.79,6,9,59.1,200.3,4956.1,4,4,21.1,198.0,4330.6
1,bmmiskgiwt26oxdl3v7ifghqt,208651,N. Antman,Niv Antman,Goalkeeper,3183,Hapoel Haifa,H Haifa,HHA,7cd60mgte8skipavum0o6ecyo,Hapoel Haifa,,2xg0qvif1rh7du6wmk2eleku3,Ligat Ha'al,104649,Niv,Antman,Goalkeeper,1,90,33,1,102,15.28,0,0,0.0,0.0,2642.3,0,0,0.0,0.0,2786.8,4.24,0,0,0.0,0.0,2679.4,0,0,0.0,0.0,2755.3
1,4gglrx5t4kgdqqc51tgfjgz4l,287069,A. Seck,Abdoulaye Seck,Right Centre Back,491,Maccabi Haifa,M Haifa,MHA,bglyqy0awtu6lzvpab390rir2,Maccabi Haifa,#008000,2xg0qvif1rh7du6wmk2eleku3,Ligat Ha'al,245741,Abdoulaye,Seck,Right Centre Back,1,90,33,1,101,28.48,4,3,84.4,172.1,3270.1,2,3,30.6,115.2,5732.9,7.91,3,0,86.2,130.4,4427.6,4,7,29.1,156.9,4587.6
1,70knbl666fg2kyli67knr5l2h,461518,M. Camara,Mohamed Ali Camara,Right Centre Back,1007,Maccabi Tel Aviv,Maccabi TA,MTA,ealjallt13942jb2q2hk4buxa,Maccabi Tel Aviv,#FFFF00,2xg0qvif1rh7du6wmk2eleku3,Ligat Ha'al,423877,Mohamed Ali,Camara,Right Centre Back,1,45,28,1,47,28.84,9,8,120.6,167.8,2604.9,3,1,6.2,71.3,2795.7,8.01,0,0,0.0,0.0,0.0,12,9,126.7,239.8,5406.5
1,92tbqo50d66js1i6siz84980l,268270,J. Pius,Júnior Pius,Left Centre Back,16514,Maccabi Bnei Raina,Bnei Raina,RNA,bvgvmydv5tuf6lxvwvuwbrfje,Maccabi Bnei Raina,,2xg0qvif1rh7du6wmk2eleku3,Ligat Ha'al,430822,Júnior,Pius,Left Centre Back,1,90,29,1,103,27.81,11,10,123.1,235.2,5536.2,3,5,0.0,112.3,3923.2,7.72,11,6,56.4,164.1,4497.5,5,10,66.7,184.7,4977.8
1,7pcudmcb9hcs0g8rtzms2a6p6,526513,Rogério Santos,Rogério Santos,Goalkeeper,18909,Ironi Tiberias,I Tiberias,ITB,8k3kbfzfqi2senhosaaimvgjm,Ironi Tiberias,,2xg0qvif1rh7du6wmk2eleku3,Ligat Ha'al,428396,Rogério Paulo,Veiga dos Santos,Goalkeeper,1,90,26,1,97,20.89,1,0,0.0,24.9,3066.2,0,1,0.0,0.0,1820.9,5.80,0,1,0.0,0.0,2432.4,1,0,0.0,24.9,2459.9
1,f3tryo4j786kmubzmu4bl3rvt,179547,Heriberto Tavares,Heriberto Tavares,Right Wing Back,2787,Maccabi Netanya,M Netanya,MNT,6j9xcfzg0gp8j84yaoidmspaw,Maccabi Netanya,,2xg0qvif1rh7du6wmk2eleku3,Ligat Ha'al,250685,Heriberto Moreno,Borges Tavares,Right Wing Back,1,24,28,1,23,27.47,3,3,0.0,31.8,1222.1,2,2,44.1,93.5,1252.4,7.63,0,0,0.0,0.0,0.0,5,5,44.1,126.0,2478.9
1,36zhp9xnrgc8ykqszyz0mfyz9,181635,I. Coll,Israel Coll,Defensive Midfielder,1942,Ashdod,Ashdod,ASH,3xbrfd77vj0zi8vbrnwqz54z,Ashdod,,2xg0qvif1rh7du6wmk2eleku3,Ligat Ha'al,169818,Israel,Coll,Defensive Midfielder,1,90,32,1,103,27.68,9,4,69.0,277.6,4776.7,10,9,34.9,327.2,7052.0,7.69,8,8,80.9,333.8,6068.5,11,5,23.0,272.0,5778.3
1,1k6t149nkiqw3nnvzyqoys3x1,298017,M. Plakushchenko,Maxim Plakushchenko,Central Midfielder,2787,Maccabi Netanya,M Netanya,MNT,6j9xcfzg0gp8j84yaoidmspaw,Maccabi Netanya,,2xg0qvif1rh7du6wmk2eleku3,Ligat Ha'al,225793,Maxim,Plakushchenko,Central Midfielder,1,90,29,1,96,26.63,8,3,16.0,189.9,5716.2,7,3,58.0,252.8,4755.1,7.40,7,0,28.8,228.4,4987.1,8,6,45.3,214.3,5495.9
1,48fr1qy0m1mps94g9db7zpxhx,263515,A. Avraham,Daniel Avraham,Central Midfielder,2788,Ironi Kiryat Shmona,Kiryat Shmona,IKS,e2ryr6aied781hzc7hx9yntk8,Ironi Kiryat Shmona,#D3D3D3,2xg0qvif1rh7du6wmk2eleku3,Ligat Ha'al,222318,Daniel,Avraham,Central Midfielder,1,55,29,1,54,28.17,7,5,59.5,482.5,3660.9,8,3,85.4,252.0,2915.5,7.83,3,1,0.0,98.4,1118.0,12,7,145.0,637.3,5467.6
1,c1p4g5moxcqcb9f6t0nu6iwut,235150,S. Ben David,Shay David,Left Centre Back,2788,Ironi Kiryat Shmona,Kiryat Shmona,IKS,e2ryr6aied781hzc7hx9yntk8,Ironi Kiryat Shmona,#D3D3D3,2xg0qvif1rh7du6wmk2eleku3,Ligat Ha'al,222245,Shay,David,Left Centre Back,1,90,28,1,95,29.52,13,15,110.6,393.3,5329.7,6,6,30.3,141.0,4039.4,8.20,10,7,50.9,237.8,4807.5,9,15,89.9,297.8,4576.7
1,ch8y2mimoj3mywwt30wmeozqh,491760,A. Tzur,Assaf Tzur,Goalkeeper,245,Hapoel Tel Aviv,Hapoel TA,HTA,dv6fn97f0kx4x988y86gkmwb8,Hapoel Tel Aviv,#ff0000,2xg0qvif1rh7du6wmk2eleku3,Ligat Ha'al,234918,Assaf,Tzur,Goalkeeper,1,90,27,1,103,23.18,4,2,14.3,28.6,3180.4,6,7,12.5,37.6,4222.8,6.44,4,1,12.5,19.1,3417.4,6,8,14.3,47.1,3996.6
1,bfosglxfsy1xi5sb1631q9ujt,273180,D. Jovanovic,Djordje Jovanovic,Centre Forward,491,Maccabi Haifa,M Haifa,MHA,bglyqy0awtu6lzvpab390rir2,Maccabi Haifa,#008000,2xg0qvif1rh7du6wmk2eleku3,Ligat Ha'al,223759,Djordje,Jovanovic,Centre Forward,1,61,26,1,64,29.75,5,2,86.2,123.4,2544.5,5,6,72.5,207.3,3937.9,8.26,1,2,11.7,74.3,1525.3,10,6,147.6,256.7,4966.6
1,8ckhpp54jbvoyd2trwjdyt1ey,459686,A. Jiddou,Abdou Jiddou,Centre Attacking Midfielder,3183,Hapoel Haifa,H Haifa,HHA,7cd60mgte8skipavum0o6ecyo,Hapoel Haifa,,2xg0qvif1rh7du6wmk2eleku3,Ligat Ha'al,438453,Abdou,Jiddou,Centre Attacking Midfielder,1,49,25,1,50,27.19,5,5,43.9,164.1,2812.8,6,5,42.2,218.9,3730.9,7.55,0,0,0.0,32.0,151.9,12,10,86.1,351.5,6400.0
1,b88284s4mp8la92plmqyaouz9,248895,T. Altman,Tomer Altman,Defensive Midfielder,2792,Hapoel Petah Tikva,H Petah Tikva,HPT,1f4f869ya31jh0biwiipqxpj2,Hapoel Petah Tikva,,2xg0qvif1rh7du6wmk2eleku3,Ligat Ha'al,429572,Tomer,Altman,Defensive Midfielder,1,90,27,1,95,25.86,6,11,81.3,478.8,5051.7,7,5,13.6,264.8,6270.9,7.18,5,6,46.3,251.4,5740.2,9,12,48.8,492.6,5599.9
1,7igcmnx15yxl14is0skos3a7e,575750,K. Niemczycki,Karol Niemczycki,Goalkeeper,1942,Ashdod,Ashdod,ASH,3xbrfd77vj0zi8vbrnwqz54z,Ashdod,,2xg0qvif1rh7du6wmk2eleku3,Ligat Ha'al,431400,Karol,Niemczycki,Goalkeeper,1,90,26,1,103,23.82,3,3,0.0,42.3,2725.4,1,1,1.7,30.5,3819.1,6.62,2,0,1.7,53.4,3191.0,2,4,0.0,19.7,3363.0
1,5sstt5ezbif7qcx49wf727bo5,176643,E. Khutaba,Eyad Khutaba,Right Back,16514,Maccabi Bnei Raina,Bnei Raina,RNA,bvgvmydv5tuf6lxvwvuwbrfje,Maccabi Bnei Raina,,2xg0qvif1rh7du6wmk2eleku3,Ligat Ha'al,104626,Eyad,Khutaba,Right Back,1,80,37,1,82,30.77,14,10,99.2,377.1,4740.5,8,5,66.7,229.8,4404.0,8.55,6,3,34.2,185.2,3072.6,18,12,131.7,422.6,6086.0
1,bnvn62bvgnxme73r0zd7ctx3p,139170,R. Gordana,Roei Gordana,Defensive Midfielder,1942,Ashdod,Ashdod,ASH,3xbrfd77vj0zi8vbrnwqz54z,Ashdod,,2xg0qvif1rh7du6wmk2eleku3,Ligat Ha'al,74361,Roei,Gordana,Defensive Midfielder,1,45,35,1,50,27.59,9,4,63.2,151.7,3088.7,4,0,5.1,63.8,2951.6,7.66,0,0,0.0,0.0,0.0,13,4,68.3,216.0,6049.8
1,6ogd8jmytb5ed5bfs015zk8vd,539513,S. Bilenkyi,Stanislav Bilenkyi,Centre Forward,18909,Ironi Tiberias,I Tiberias,ITB,8k3kbfzfqi2senhosaaimvgjm,Ironi Tiberias,,2xg0qvif1rh7du6wmk2eleku3,Ligat Ha'al,422305,Stanislav,Bilenkyi,Centre Forward,1,90,27,1,97,30.24,15,3,49.4,178.5,6422.0,17,11,230.7,418.6,4329.9,8.40,21,7,142.2,247.3,5213.5,14,7,138.2,351.6,5550.3
1,89ixapo4jd0qy98gmvl4a6jje,324689,W. Harris,Wilson Harris,Centre Forward,2787,Maccabi Netanya,M Netanya,MNT,6j9xcfzg0gp8j84yaoidmspaw,Maccabi Netanya,,2xg0qvif1rh7du6wmk2eleku3,Ligat Ha'al,224637,Wilson,Harris,Centre Forward,1,24,25,1,23,24.11,3,1,0.0,42.5,1511.9,1,1,0.0,138.1,1498.1,6.70,0,0,0.0,0.0,0.0,4,2,0.0,181.0,3013.8
1,5ktbdhppsztymyvvd6o4toyne,611746,A. Pejic,Aleksa Pejic,Defensive Midfielder,16514,Maccabi Bnei Raina,Bnei Raina,RNA,bvgvmydv5tuf6lxvwvuwbrfje,Maccabi Bnei Raina,,2xg0qvif1rh7du6wmk2eleku3,Ligat Ha'al,445246,Aleksa,Pejic,Defensive Midfielder,1,90,26,1,103,26.72,15,4,24.1,528.8,6651.0,8,1,54.1,185.9,4738.6,7.42,7,0,39.7,316.7,5366.4,18,6,38.4,398.5,6041.8
1,cyh16toqa9wxmxepg635ecgve,275270,J. Bataille,Jelle Bataille,Right Back,491,Maccabi Haifa,M Haifa,MHA,bglyqy0awtu6lzvpab390rir2,Maccabi Haifa,#008000,2xg0qvif1rh7du6wmk2eleku3,Ligat Ha'al,430854,Jelle,Bataille,Right Back,1,90,26,1,101,31.58,3,3,106.7,203.7,3422.5,7,2,237.0,375.1,6656.3,8.77,5,3,92.8,334.7,5230.9,5,3,251.2,244.6,4861.2
1,bb9nokoy7baw4tylvjv9ndk6i,653471,P. Michael,Peter Michael,Centre Forward,18909,Ironi Tiberias,I Tiberias,ITB,8k3kbfzfqi2senhosaaimvgjm,Ironi Tiberias,,2xg0qvif1rh7du6wmk2eleku3,Ligat Ha'al,446585,Peter,Michael,Centre Forward,1,30,27,1,29,30.73,2,2,19.7,42.6,1629.3,7,0,91.0,93.6,1032.1,8.54,0,0,0.0,0.0,0.0,10,2,110.7,136.2,2664.0
1,7kmpjqdb6qs927qv3d9naw3qh,536331,J. East,Javon East,Centre Forward,3183,Hapoel Haifa,H Haifa,HHA,7cd60mgte8skipavum0o6ecyo,Hapoel Haifa,,2xg0qvif1rh7du6wmk2eleku3,Ligat Ha'al,431945,Javon,East,Centre Forward,1,83,30,1,86,30.08,4,11,57.9,155.4,4247.5,12,7,97.7,294.6,4269.4,8.36,7,7,92.6,259.0,3540.0,9,12,63.0,191.4,4986.6
1,8n0ov984xk1bd857ihgxsb36d,221058,G. Hadida,Guy Hadida,Central Midfielder,18909,Ironi Tiberias,I Tiberias,ITB,8k3kbfzfqi2senhosaaimvgjm,Ironi Tiberias,,2xg0qvif1rh7du6wmk2eleku3,Ligat Ha'al,234973,Guy,Hadida,Central Midfielder,1,90,30,1,97,26.58,12,12,22.6,283.3,6874.5,6,4,55.5,225.3,4090.0,7.38,7,3,30.9,237.3,5141.1,12,13,47.1,271.3,5834.7
1,8sc73jwz1m804nah1z5in872t,73049,D. Malul,Dor Malul,Right Back,3183,Hapoel Haifa,H Haifa,HHA,7cd60mgte8skipavum0o6ecyo,Hapoel Haifa,,2xg0qvif1rh7du6wmk2eleku3,Ligat Ha'al,74403,Dor,Malul,Right Back,1,84,36,1,86,25.79,4,3,37.2,153.6,4061.8,3,2,0.0,87.9,3923.1,7.17,3,2,0.0,84.6,3376.8,4,3,37.2,156.9,4618.0
1,6p5u350my0peqmc01f54i2ga1,494887,I. Nicolaescu,Ion Nicolaescu,Centre Forward,1007,Maccabi Tel Aviv,Maccabi TA,MTA,ealjallt13942jb2q2hk4buxa,Maccabi Tel Aviv,#FFFF00,2xg0qvif1rh7du6wmk2eleku3,Ligat Ha'al,448626,Ion,Nicolaescu,Centre Forward,1,64,27,1,65,29.45,6,3,57.0,235.4,3562.6,7,2,84.9,180.9,3940.3,8.18,4,2,63.5,101.0,1967.8,9,4,78.5,315.2,5543.5
1,8ay78q8sxpocaxhcwg3f075qt,198888,Abdallah Jaber,Abdallah Jaber,Left Back,16514,Maccabi Bnei Raina,Bnei Raina,RNA,bvgvmydv5tuf6lxvwvuwbrfje,Maccabi Bnei Raina,,2xg0qvif1rh7du6wmk2eleku3,Ligat Ha'al,201450,Abdallah,Jaber,Left Back,1,90,32,1,103,29.08,10,11,150.3,453.3,6087.4,8,7,51.4,229.4,4470.5,8.08,8,7,91.6,337.9,5039.7,11,13,110.4,347.1,5536.2
1,dh6qjqmrjhr86db6oznj714yy,530795,B. Carabalí,Brayan Carabalí,Right Centre Back,469,Beitar Jerusalem,Beitar,BJM,cx0rucvdzkg1yd00vrueu2u7,Beitar Jerusalem,,2xg0qvif1rh7du6wmk2eleku3,Ligat Ha'al,475925,Brayan,Carabalí,Right Centre Back,1,90,26,1,101,29.56,17,12,174.0,360.7,6720.2,3,7,25.1,143.0,3502.1,8.21,6,5,57.2,189.7,4892.3,17,14,141.9,314.5,5344.3
1,161hof0maq9qtzukkgzz6n6xh,129628,K. Brucic,Karlo Brucic,Left Back,2789,Bnei Sakhnin,Sakhnin,BNS,54hbubv11m3ygghs51uperow9,Bnei Sakhnin,,2xg0qvif1rh7du6wmk2eleku3,Ligat Ha'al,104513,Karlo,Brucic,Left Back,1,90,33,1,103,29.11,22,12,166.9,478.9,6936.8,7,3,33.3,119.5,4291.1,8.09,21,12,89.4,312.6,5872.8,8,4,111.0,287.3,5372.8
1,6phaoo48jbafqwlpiq1oxw50q,617557,Falcão,Falcão,Central Midfielder,245,Hapoel Tel Aviv,Hapoel TA,HTA,dv6fn97f0kx4x988y86gkmwb8,Hapoel Tel Aviv,#ff0000,2xg0qvif1rh7du6wmk2eleku3,Ligat Ha'al,479978,Lucas,de Oliveira Teodoro Falcão,Central Midfielder,1,61,27,1,62,28.60,6,6,112.3,295.3,3688.2,4,7,7.0,129.4,3337.0,7.94,2,0,37.7,78.6,1407.2,9,13,81.8,346.8,5631.4
1,8wton6upqwabd2kisbvzxuhre,702195,S. Bangoura,Sékou Bangoura,Central Midfielder,2788,Ironi Kiryat Shmona,Kiryat Shmona,IKS,e2ryr6aied781hzc7hx9yntk8,Ironi Kiryat Shmona,#D3D3D3,2xg0qvif1rh7du6wmk2eleku3,Ligat Ha'al,482193,Sékou,Bangoura,Central Midfielder,1,90,23,1,95,27.22,8,7,170.2,451.0,6031.3,7,1,16.5,71.3,3948.4,7.56,13,5,123.7,313.0,5271.9,2,3,64.2,210.3,4724.6
1,1q7lbk9sp6pf5wu06oj1x4nh1,180462,A. Miranyan,Artur Miranyan,Centre Forward,2789,Bnei Sakhnin,Sakhnin,BNS,54hbubv11m3ygghs51uperow9,Bnei Sakhnin,,2xg0qvif1rh7du6wmk2eleku3,Ligat Ha'al,185474,Artur,Miranyan,Centre Forward,1,90,29,1,103,30.04,13,12,81.2,315.9,7095.0,14,10,165.4,385.1,4855.2,8.35,5,5,78.8,332.0,5668.3,21,18,167.8,370.7,6299.9
1,a66gpgdw47c205q150jn9r4k5,268341,I. Zlatanovic,Igor Zlatanovic,Centre Forward,3012,Hapoel Be'er Sheva,H Be'er Sheva,HBS,9ppjmek1r3tb9yddebneaxj7i,Hapoel Be'er Sheva,#ff0000,2xg0qvif1rh7du6wmk2eleku3,Ligat Ha'al,242589,Igor,Zlatanovic,Centre Forward,1,90,27,1,97,29.48,9,3,169.6,403.3,4074.3,7,6,88.8,246.7,6032.7,8.19,6,7,97.9,292.2,4969.0,10,3,160.8,358.1,5148.6
1,2d1s76x7u3ovp3zn947bi2hd6,770959,K. Kangwa,Kings Kangwa,Defensive Midfielder,3012,Hapoel Be'er Sheva,H Be'er Sheva,HBS,9ppjmek1r3tb9yddebneaxj7i,Hapoel Be'er Sheva,#ff0000,2xg0qvif1rh7du6wmk2eleku3,Ligat Ha'al,485918,Kings,Kangwa,Defensive Midfielder,1,90,26,1,97,27.78,8,2,93.9,351.6,4435.7,6,8,47.4,375.8,6940.6,7.72,10,4,82.5,343.1,5541.4,5,6,58.8,385.5,5846.7
1,7j3f6x2ieou5gv0ji17ca0bmd,291827,D. Haziza,Dolev Haziza,Left Midfielder,491,Maccabi Haifa,M Haifa,MHA,bglyqy0awtu6lzvpab390rir2,Maccabi Haifa,#008000,2xg0qvif1rh7du6wmk2eleku3,Ligat Ha'al,222719,Dolev,Haziza,Left Midfielder,1,90,30,1,101,25.98,1,0,0.6,117.3,3354.9,4,2,60.7,304.0,6287.9,7.22,4,0,18.0,183.3,5160.1,1,2,43.3,238.5,4494.8
1,8twaof4z06di37p9907vqnxt5,329898,Y. Shua,Yarden Shua,Centre Attacking Midfielder,469,Beitar Jerusalem,Beitar,BJM,cx0rucvdzkg1yd00vrueu2u7,Beitar Jerusalem,,2xg0qvif1rh7du6wmk2eleku3,Ligat Ha'al,235675,Yarden,Shua,Centre Attacking Midfielder,1,75,26,1,78,29.68,4,2,49.8,189.5,5338.7,5,0,95.1,162.7,2890.8,8.24,5,1,71.8,119.1,3087.0,4,1,73.1,234.0,5152.8
1,9d5j7rmswsnpgm9cz7v425vjd,497755,Chico,Chico,Left Centre Back,245,Hapoel Tel Aviv,Hapoel TA,HTA,dv6fn97f0kx4x988y86gkmwb8,Hapoel Tel Aviv,#ff0000,2xg0qvif1rh7du6wmk2eleku3,Ligat Ha'al,482986,Francisco,Alves da Silva Neto,Left Centre Back,1,73,26,1,76,29.24,8,6,148.1,279.6,3929.6,5,4,8.4,126.5,4082.3,8.12,5,4,101.2,150.6,2623.1,9,6,55.6,255.7,5402.7
1,2f245416ulcna17z4l8z3nnbp,166018,S. Goldberg,Sean Goldberg,Left Centre Back,491,Maccabi Haifa,M Haifa,MHA,bglyqy0awtu6lzvpab390rir2,Maccabi Haifa,#008000,2xg0qvif1rh7du6wmk2eleku3,Ligat Ha'al,213333,Sean,Goldberg,Left Centre Back,1,90,30,1,101,29.13,7,4,98.9,245.2,3412.8,6,3,20.9,166.5,6284.4,8.09,5,6,37.8,187.1,4791.9,8,1,82.1,225.1,4917.7
1,2gpt4ph0jpaaj49fnnmpdc1qt,166020,E. Shamir,Eden Shamir,Central Midfielder,2789,Bnei Sakhnin,Sakhnin,BNS,54hbubv11m3ygghs51uperow9,Bnei Sakhnin,,2xg0qvif1rh7du6wmk2eleku3,Ligat Ha'al,179067,Eden,Shamir,Central Midfielder,1,90,30,1,103,28.29,19,11,129.9,559.5,7463.1,6,4,39.3,146.0,4418.3,7.86,10,9,79.8,325.2,5981.4,15,6,89.5,381.7,5918.6
1,6sod0mcgu50ftrc6dyqqam85x,255408,N. Sabag,Naor Sabag,Defensive Midfielder,3183,Hapoel Haifa,H Haifa,HHA,7cd60mgte8skipavum0o6ecyo,Hapoel Haifa,,2xg0qvif1rh7du6wmk2eleku3,Ligat Ha'al,229042,Naor,Sabag,Defensive Midfielder,1,90,32,1,102,25.99,6,11,44.9,273.9,5755.5,7,6,8.0,233.0,5667.9,7.22,12,13,35.3,214.5,5736.1,3,4,17.6,293.4,5700.4
1,277o13i90bgqej3yrkiw7t0x5,329893,R. Shlomo,Raz Shlomo,Left Centre Back,1007,Maccabi Tel Aviv,Maccabi TA,MTA,ealjallt13942jb2q2hk4buxa,Maccabi Tel Aviv,#FFFF00,2xg0qvif1rh7du6wmk2eleku3,Ligat Ha'al,234942,Raz,Shlomo,Left Centre Back,1,90,26,1,96,25.64,6,4,33.6,332.7,4558.4,0,2,0.0,47.0,5272.5,7.12,4,4,30.5,146.9,4672.3,2,2,3.1,233.1,5170.0
1,aj36hzaahld0t3yrjzhvud51x,284049,D. Biton,Dan Biton,Centre Attacking Midfielder,3012,Hapoel Be'er Sheva,H Be'er Sheva,HBS,9ppjmek1r3tb9yddebneaxj7i,Hapoel Be'er Sheva,#ff0000,2xg0qvif1rh7du6wmk2eleku3,Ligat Ha'al,222207,Dan,Biton,Centre Attacking Midfielder,1,90,30,1,97,28.82,7,5,42.9,179.8,4154.2,20,12,134.6,429.1,6860.6,8.00,10,8,65.8,229.7,5250.4,17,9,112.0,380.2,5776.3
1,ci7y4t5sntdjygs7x8beg31zp,191054,I. Cohen,Idan Cohen,Right Back,2792,Hapoel Petah Tikva,H Petah Tikva,HPT,1f4f869ya31jh0biwiipqxpj2,Hapoel Petah Tikva,,2xg0qvif1rh7du6wmk2eleku3,Ligat Ha'al,463596,Idan,Cohen,Right Back,1,90,29,1,95,29.35,21,14,143.5,458.0,4842.4,10,7,141.3,246.3,6109.1,8.15,17,10,121.4,389.6,5837.4,16,11,163.4,316.1,5130.5
1,dffwv1ce7banybrqihjro745x,259285,M. Baltaxa,Matan Baltaxa,Left Centre Back,3012,Hapoel Be'er Sheva,H Be'er Sheva,HBS,9ppjmek1r3tb9yddebneaxj7i,Hapoel Be'er Sheva,#ff0000,2xg0qvif1rh7du6wmk2eleku3,Ligat Ha'al,429566,Matan,Baltaxa,Left Centre Back,1,90,29,1,97,27.05,13,9,136.4,471.7,4456.8,9,3,7.5,113.8,6387.2,7.51,15,7,56.6,323.7,5416.1,7,6,87.3,263.0,5440.2
1,1pt3olrwh3lbb1ad0gamvkg7o,775355,C. Don,Cédric Don,Centre Attacking Midfielder,15112,Hapoel Jerusalem,H Jerusalem,HJM,ehmuu62daxvzhvn2wfoe9t86y,Hapoel Jerusalem,,2xg0qvif1rh7du6wmk2eleku3,Ligat Ha'al,482936,Cédric Franck Emmanuel,Don,Centre Attacking Midfielder,1,90,21,1,102,28.34,15,10,103.6,321.8,6124.8,11,11,79.6,299.7,5769.4,7.87,15,12,93.7,331.7,6235.3,12,9,89.5,290.3,5671.9
1,66pc9v8axzcduoub7xonti1re,828447,I. Madmon,Ilay Madmon,Defensive Midfielder,15112,Hapoel Jerusalem,H Jerusalem,HJM,ehmuu62daxvzhvn2wfoe9t86y,Hapoel Jerusalem,,2xg0qvif1rh7du6wmk2eleku3,Ligat Ha'al,512268,Ilay,Madmon,Defensive Midfielder,1,77,22,1,80,27.26,5,7,50.8,268.8,5231.5,3,7,0.0,125.2,4693.4,7.57,4,3,50.8,245.9,4038.8,4,12,0.0,148.1,5897.6
1,7mog0f7cncmy6airdy3akurfu,619785,S. Podgoreanu,Suf Podgoreanu,Right Midfielder,491,Maccabi Haifa,M Haifa,MHA,bglyqy0awtu6lzvpab390rir2,Maccabi Haifa,#008000,2xg0qvif1rh7du6wmk2eleku3,Ligat Ha'al,519337,Suf,Podgoreanu,Right Midfielder,1,86,23,1,89,30.57,5,3,63.8,143.3,3164.4,8,2,124.5,305.2,6239.3,8.49,10,3,149.4,233.8,4408.7,4,3,38.9,214.9,5007.8
1,2dzasf5mpqm32122nbisje8d1,179842,S. Piven,Shahar Piven,Right Back,245,Hapoel Tel Aviv,Hapoel TA,HTA,dv6fn97f0kx4x988y86gkmwb8,Hapoel Tel Aviv,#ff0000,2xg0qvif1rh7du6wmk2eleku3,Ligat Ha'al,456362,Shahar,Piven,Right Back,1,86,29,1,89,29.07,19,11,215.5,435.6,4805.4,15,11,68.6,341.3,5282.4,8.08,10,9,125.7,275.8,4025.5,25,14,158.8,502.1,6078.5
1,74w7u994c832ya17u9g7nkh04,836591,M. Anim Cudjoe,Mathew Anim Cudjoe,Right Winger,2789,Bnei Sakhnin,Sakhnin,BNS,54hbubv11m3ygghs51uperow9,Bnei Sakhnin,,2xg0qvif1rh7du6wmk2eleku3,Ligat Ha'al,531457,Mathew,Anim Cudjoe,Right Winger,1,60,21,1,63,26.45,7,2,42.2,147.0,3524.3,7,2,4.3,130.7,3274.4,7.35,1,0,0.0,54.7,1419.6,13,5,46.5,223.0,5388.9
1,6yc393e7obnizzhwng8o0yove,282148,I. Sissokho,Issouf Sissokho,Defensive Midfielder,1007,Maccabi Tel Aviv,Maccabi TA,MTA,ealjallt13942jb2q2hk4buxa,Maccabi Tel Aviv,#FFFF00,2xg0qvif1rh7du6wmk2eleku3,Ligat Ha'al,532531,Issouf,Sissokho,Defensive Midfielder,1,90,23,1,96,27.78,15,4,81.5,410.9,5419.8,8,6,5.5,220.2,6059.1,7.72,8,2,26.4,319.5,5422.9,15,8,60.9,312.7,6070.2
1,2xkn8lyxwwnghvi9acqp8s4bt,738079,O. Blorian,Or Blorian,Right Centre Back,3012,Hapoel Be'er Sheva,H Be'er Sheva,HBS,9ppjmek1r3tb9yddebneaxj7i,Hapoel Be'er Sheva,#ff0000,2xg0qvif1rh7du6wmk2eleku3,Ligat Ha'al,512607,Or,Blorian,Right Centre Back,1,90,25,1,97,27.66,9,4,100.9,461.9,4320.4,4,2,43.2,175.7,6534.4,7.68,9,6,108.4,391.5,5460.0,4,0,35.7,247.0,5407.2
1,g8subv0do8dhuinc6api0bmx,318775,A. Sefer,Antonio Sefer,Centre Attacking Midfielder,16514,Maccabi Bnei Raina,Bnei Raina,RNA,bvgvmydv5tuf6lxvwvuwbrfje,Maccabi Bnei Raina,,2xg0qvif1rh7du6wmk2eleku3,Ligat Ha'al,210397,Antonio,Sefer,Centre Attacking Midfielder,1,89,25,1,95,28.57,4,3,78.7,420.1,6156.6,7,4,114.4,281.2,4401.9,7.94,3,3,99.9,380.0,4622.7,9,4,93.5,322.0,5952.3
1,5dxleurgfe6483pe7qvyc00es,405870,T. Asante,Tyrese Asante,Right Back,1007,Maccabi Tel Aviv,Maccabi TA,MTA,ealjallt13942jb2q2hk4buxa,Maccabi Tel Aviv,#FFFF00,2xg0qvif1rh7du6wmk2eleku3,Ligat Ha'al,546252,Tyrese,Asante,Right Back,1,90,23,1,96,30.15,6,5,134.7,224.1,4443.7,7,6,22.7,172.7,5208.9,8.37,4,3,28.1,162.3,4412.7,9,8,129.4,235.0,5250.6
1,6vou05kb6m6d3ep46kgmhdwx5,569306,N. Ljubisavljevic,Nemanja Ljubisavljevic,Right Centre Back,2788,Ironi Kiryat Shmona,Kiryat Shmona,IKS,e2ryr6aied781hzc7hx9yntk8,Ironi Kiryat Shmona,#D3D3D3,2xg0qvif1rh7du6wmk2eleku3,Ligat Ha'al,430624,Nemanja,Ljubisavljevic,Right Centre Back,1,90,28,1,95,27.39,12,6,85.2,217.2,5635.4,5,2,15.6,73.6,4205.3,7.61,11,3,58.8,159.7,5196.1,6,5,41.9,131.4,4659.7
1,f48qh7o615ycoub202i9mklp1,295495,I. Abu Abaid,Iyad Abu Abaid,Left Centre Back,2789,Bnei Sakhnin,Sakhnin,BNS,54hbubv11m3ygghs51uperow9,Bnei Sakhnin,,2xg0qvif1rh7du6wmk2eleku3,Ligat Ha'al,202581,Iyad,Abu Abaid,Left Centre Back,1,90,30,1,103,28.59,22,16,109.1,292.6,6317.7,5,4,14.2,50.7,3973.4,7.94,14,11,72.2,118.4,5116.4,14,10,52.1,225.4,5189.2
1,bzwiiyuapfzscvt8i7n82qove,594277,I. Shahar,Ido Shahar,Defensive Midfielder,1007,Maccabi Tel Aviv,Maccabi TA,MTA,ealjallt13942jb2q2hk4buxa,Maccabi Tel Aviv,#FFFF00,2xg0qvif1rh7du6wmk2eleku3,Ligat Ha'al,449838,Ido,Shahar,Defensive Midfielder,1,64,24,1,65,30.11,7,2,135.5,276.6,3875.4,4,7,43.7,194.7,4522.2,8.36,7,2,55.7,209.5,2430.9,4,8,123.6,262.2,5976.1
1,b10g13bt7ms539ae9wyau23md,257909,A. Muhammad,Ali Muhammad,Central Midfielder,491,Maccabi Haifa,M Haifa,MHA,bglyqy0awtu6lzvpab390rir2,Maccabi Haifa,#008000,2xg0qvif1rh7du6wmk2eleku3,Ligat Ha'al,185335,Ali,Muhammad,Central Midfielder,1,90,29,1,101,27.10,5,4,65.9,192.7,3831.6,6,2,0.0,152.9,6860.0,7.53,7,2,37.9,165.4,5266.7,4,4,28.0,180.9,5440.6
1,vd6lo0pepy4sg6y62ny25i39,155661,R. Mishpati,Roi Mishpati,Goalkeeper,1007,Maccabi Tel Aviv,Maccabi TA,MTA,ealjallt13942jb2q2hk4buxa,Maccabi Tel Aviv,#FFFF00,2xg0qvif1rh7du6wmk2eleku3,Ligat Ha'al,104854,Roi,Mishpati,Goalkeeper,1,90,32,1,96,19.46,1,1,0.0,7.9,2508.8,0,1,0.0,15.5,3165.8,5.41,1,0,0.0,14.8,2630.2,0,2,0.0,8.6,3050.4
1,19w3cqnbi2gueaoohx4snney2,669467,O. Niron,Omer Niron,Goalkeeper,2787,Maccabi Netanya,M Netanya,MNT,6j9xcfzg0gp8j84yaoidmspaw,Maccabi Netanya,,2xg0qvif1rh7du6wmk2eleku3,Ligat Ha'al,463680,Omer,Niron,Goalkeeper,1,90,24,1,96,16.81,0,2,0.0,5.8,2621.4,0,0,0.0,0.0,2354.0,4.67,0,2,0.0,0.0,2521.1,0,0,0.0,5.8,2459.9
1,1fww8pxvq3aj9nd96niitrzoq,681500,Y. Sadeh,Yuval Sadeh,Central Midfielder,2787,Maccabi Netanya,M Netanya,MNT,6j9xcfzg0gp8j84yaoidmspaw,Maccabi Netanya,,2xg0qvif1rh7du6wmk2eleku3,Ligat Ha'al,491451,Yuval,Sadeh,Central Midfielder,1,90,25,1,96,28.77,5,10,109.8,345.8,6566.6,5,4,21.3,144.9,5376.4,7.99,6,5,65.9,257.8,5750.4,4,9,65.2,234.1,6208.7
1,1xf9e9amlpqi2so8or5g0imi2,834157,N. Malmud,Noam Malmud,Right Centre Back,15112,Hapoel Jerusalem,H Jerusalem,HJM,ehmuu62daxvzhvn2wfoe9t86y,Hapoel Jerusalem,,2xg0qvif1rh7du6wmk2eleku3,Ligat Ha'al,549495,Noam,Malmud,Right Centre Back,1,90,23,1,102,25.05,4,5,24.4,262.3,5329.5,3,6,0.0,53.9,4860.4,6.96,7,4,24.4,203.9,5161.3,0,7,0.0,112.5,5039.9
1,20ixi041snczl3n0nosu78pka,778419,Z. Zasano,Zohar Zasno,Right Back,469,Beitar Jerusalem,Beitar,BJM,cx0rucvdzkg1yd00vrueu2u7,Beitar Jerusalem,,2xg0qvif1rh7du6wmk2eleku3,Ligat Ha'al,491397,Zohar,Zasno,Right Back,1,10,23,1,9,29.68,1,2,50.5,54.6,550.4,0,0,0.0,16.3,417.2,8.25,0,0,0.0,0.0,0.0,1,2,50.5,70.8,969.6
1,20y4dvoj235zv2154ot3tayhg,848899,N. Zamir,Nadav Zamir,Goalkeeper,15112,Hapoel Jerusalem,H Jerusalem,HJM,ehmuu62daxvzhvn2wfoe9t86y,Hapoel Jerusalem,,2xg0qvif1rh7du6wmk2eleku3,Ligat Ha'al,512568,Nadav,Zamir,Goalkeeper,1,90,24,1,102,20.66,1,2,0.0,21.7,2874.5,2,5,0.0,24.7,3151.8,5.74,1,7,0.0,46.5,3315.9,2,0,0.0,0.0,2717.1
1,464o8uslv6z2fdm269j97gt4a,594280,O. Davida,Osher Davida,Right Attacking Midfielder,1007,Maccabi Tel Aviv,Maccabi TA,MTA,ealjallt13942jb2q2hk4buxa,Maccabi Tel Aviv,#FFFF00,2xg0qvif1rh7du6wmk2eleku3,Ligat Ha'al,449857,Osher,Davida,Right Attacking Midfielder,1,76,24,1,78,28.30,10,7,57.8,251.2,4080.1,5,4,73.8,175.1,3932.7,7.86,7,3,37.0,167.2,3086.3,8,8,94.6,259.0,4935.6
1,7cb83xffdcj48ul18gs8a0kmi,732385,E. Azoulay,Ethane Azoulay,Centre Forward,491,Maccabi Haifa,M Haifa,MHA,bglyqy0awtu6lzvpab390rir2,Maccabi Haifa,#008000,2xg0qvif1rh7du6wmk2eleku3,Ligat Ha'al,512603,Ethane,Azoulay,Centre Forward,1,90,23,1,101,30.27,5,2,150.6,340.1,3750.2,7,6,71.9,322.1,6605.6,8.41,5,4,83.2,324.3,5228.5,8,4,139.9,338.6,5141.9
1,8pxup7wz3hbg0xxdo0yb3izca,757055,K. Jaber,Karem Jaber,Right Centre Back,2787,Maccabi Netanya,M Netanya,MNT,6j9xcfzg0gp8j84yaoidmspaw,Maccabi Netanya,,2xg0qvif1rh7du6wmk2eleku3,Ligat Ha'al,504769,Karem,Jaber,Right Centre Back,1,90,24,1,96,27.96,9,3,106.8,298.0,5584.7,3,2,32.5,65.8,4112.5,7.77,3,5,50.9,178.8,4542.6,11,1,88.4,185.5,5168.3
1,8t2kws8ypu1l6zbcuinkjw4mi,534495,G. Cohen,Gil Cohen,Left Centre Back,469,Beitar Jerusalem,Beitar,BJM,cx0rucvdzkg1yd00vrueu2u7,Beitar Jerusalem,,2xg0qvif1rh7du6wmk2eleku3,Ligat Ha'al,463567,Gil,Cohen,Left Centre Back,1,90,24,1,101,29.18,12,15,130.7,308.6,6830.9,4,5,35.7,108.2,3285.3,8.11,5,4,86.1,168.1,5038.9,11,16,80.9,248.7,5091.1
1,8p329aju30zmley34wcb1moh6,665968,S. Khvadagiani,Saba Khvadagiani,Central Defender,2787,Maccabi Netanya,M Netanya,MNT,6j9xcfzg0gp8j84yaoidmspaw,Maccabi Netanya,,2xg0qvif1rh7du6wmk2eleku3,Ligat Ha'al,514830,Saba,Khvadagiani,Central Defender,1,80,22,1,80,31.21,11,6,268.9,224.4,4551.6,11,3,25.9,134.5,3718.8,8.67,8,3,178.5,131.2,3180.1,14,6,116.9,228.4,5102.4
1,63b0iy8j5k5mk46g5jefr1wmi,628101,G. Naor,Goni Naor,Central Midfielder,491,Maccabi Haifa,M Haifa,MHA,bglyqy0awtu6lzvpab390rir2,Maccabi Haifa,#008000,2xg0qvif1rh7du6wmk2eleku3,Ligat Ha'al,235669,Goni,Naor,Central Midfielder,1,31,26,1,28,28.32,4,2,34.0,122.7,1390.2,0,0,0.0,69.7,2218.0,7.87,0,0,0.0,0.0,0.0,4,2,34.0,192.7,3613.1
1,9k9fpax1m803err1528v29clw,890054,R. Revivo,Roy Revivo,Left Back,1007,Maccabi Tel Aviv,Maccabi TA,MTA,ealjallt13942jb2q2hk4buxa,Maccabi Tel Aviv,#FFFF00,2xg0qvif1rh7du6wmk2eleku3,Ligat Ha'al,545092,Roy,Revivo,Left Back,1,90,22,1,96,28.04,14,10,144.3,483.3,4862.4,6,7,37.7,176.9,5249.3,7.79,11,11,91.5,327.4,4911.6,12,6,90.5,333.3,5212.0
1,ehzcdtht7vyekwm7k95lid990,897606,A. Ibrahim,Ahmad Salman,Left Winger,2789,Bnei Sakhnin,Sakhnin,BNS,54hbubv11m3ygghs51uperow9,Bnei Sakhnin,,2xg0qvif1rh7du6wmk2eleku3,Ligat Ha'al,549485,Ahmad,Salman,Left Winger,1,67,21,1,70,28.95,14,6,27.5,263.9,4561.6,8,9,58.9,192.2,3638.1,8.04,6,6,42.3,152.3,2459.5,18,9,44.0,304.5,5753.0
1,2oe38rd8fu8h2ogltboenp4kq,594283,N. Niddam,Nadav Niddam,Defensive Midfielder,2792,Hapoel Petah Tikva,H Petah Tikva,HPT,1f4f869ya31jh0biwiipqxpj2,Hapoel Petah Tikva,,2xg0qvif1rh7du6wmk2eleku3,Ligat Ha'al,449851,Nadav,Niddam,Defensive Midfielder,1,79,24,1,79,26.51,2,4,47.4,208.3,3986.5,3,3,31.4,200.2,5226.5,7.36,2,5,35.1,168.9,3974.4,3,3,43.7,239.6,5252.4
1,ejj47sab7r6aj157a60flhhxw,848898,I. Ben Shabat,Itay Ben Shabat,Left Centre Back,2787,Maccabi Netanya,M Netanya,MNT,6j9xcfzg0gp8j84yaoidmspaw,Maccabi Netanya,,2xg0qvif1rh7du6wmk2eleku3,Ligat Ha'al,512556,Itay,Ben Shabat,Left Centre Back,1,90,25,1,96,30.08,11,8,181.1,276.3,5346.4,6,5,1.4,97.8,4326.9,8.36,7,6,137.3,172.9,4619.0,10,7,45.2,201.9,5066.9
1,a3969dlycbg8g84qor7wf3q50,902934,Y. Levi,Yarin Levi,Defensive Midfielder,469,Beitar Jerusalem,Beitar,BJM,cx0rucvdzkg1yd00vrueu2u7,Beitar Jerusalem,,2xg0qvif1rh7du6wmk2eleku3,Ligat Ha'al,579139,Yarin,Levi,Defensive Midfielder,1,86,20,1,89,28.48,14,6,60.8,245.2,6021.7,6,4,61.8,136.1,3002.3,7.91,8,4,46.1,141.0,3958.3,13,6,76.8,241.0,5079.0
1,a4id2y9k14dx1j0cd9g59x8gk,902927,M. Yashilirmak,Maor Yashilirmak,Left Back,1942,Ashdod,Ashdod,ASH,3xbrfd77vj0zi8vbrnwqz54z,Ashdod,,2xg0qvif1rh7du6wmk2eleku3,Ligat Ha'al,579150,Maor,Yashilirmak,Left Back,1,90,20,1,103,25.62,8,7,30.2,242.6,4449.2,7,4,19.9,149.1,5793.3,7.12,8,7,31.0,182.1,5123.8,8,6,19.1,210.4,5134.9
1,8nc9js00u6c5pshyk5lvs6jmx,776386,A. Kraev,Andrian Kraev,Central Midfielder,245,Hapoel Tel Aviv,Hapoel TA,HTA,dv6fn97f0kx4x988y86gkmwb8,Hapoel Tel Aviv,#ff0000,2xg0qvif1rh7du6wmk2eleku3,Ligat Ha'al,521044,Andrian,Kraev,Central Midfielder,1,90,26,1,103,29.20,4,3,161.4,244.1,4470.7,8,5,110.6,371.0,6218.2,8.11,6,7,162.1,390.8,5181.4,8,2,110.3,224.8,5524.6
1,3zvp2yd1gctzxmsc8lwpcyy21,520137,Saná Gomes,Saná Gomes,Left Back,3183,Hapoel Haifa,H Haifa,HHA,7cd60mgte8skipavum0o6ecyo,Hapoel Haifa,,2xg0qvif1rh7du6wmk2eleku3,Ligat Ha'al,511114,Saná,Gomes,Left Back,1,90,25,1,102,28.64,5,6,130.1,253.3,5014.2,9,2,104.0,221.4,5214.6,7.96,8,0,129.4,257.0,4991.2,7,8,104.8,218.4,5249.4
1,9yb88b47etya2zd83o4x30p3o,956897,R. Nawi,Roy Nawi,Defensive Midfielder,3183,Hapoel Haifa,H Haifa,HHA,7cd60mgte8skipavum0o6ecyo,Hapoel Haifa,,2xg0qvif1rh7du6wmk2eleku3,Ligat Ha'al,582493,Roy,Nawi,Defensive Midfielder,1,90,21,1,102,28.66,7,4,101.9,289.6,5825.8,4,5,97.8,323.5,5809.6,7.96,8,3,80.7,290.3,5849.8,3,6,119.0,323.3,5799.4
1,dd1gwpduhvds0c6jeese3ynf8,872844,N. Eliasi,Niv Eliasi,Goalkeeper,3012,Hapoel Be'er Sheva,H Be'er Sheva,HBS,9ppjmek1r3tb9yddebneaxj7i,Hapoel Be'er Sheva,#ff0000,2xg0qvif1rh7du6wmk2eleku3,Ligat Ha'al,545100,Niv,Eliasi,Goalkeeper,1,90,23,1,97,20.87,0,1,0.0,12.2,2205.7,2,1,0.0,8.7,3247.4,5.80,0,2,0.0,20.9,2702.0,2,0,0.0,0.0,2757.5
1,aeye6v28onph82wa696vuk9as,982014,A. Ganah,Amir Ganah,Left Attacking Midfielder,3012,Hapoel Be'er Sheva,H Be'er Sheva,HBS,9ppjmek1r3tb9yddebneaxj7i,Hapoel Be'er Sheva,#ff0000,2xg0qvif1rh7du6wmk2eleku3,Ligat Ha'al,598898,Amir,Ganah,Left Attacking Midfielder,1,63,21,1,66,27.34,1,1,19.6,180.7,2812.7,6,2,28.1,132.0,4712.2,7.59,2,0,27.9,96.6,1976.4,6,3,19.8,216.1,5557.1
1,22omu9e5f519ntjz8sa03fthw,880070,C. Songa,Songa Chipyoka,Centre Forward,2792,Hapoel Petah Tikva,H Petah Tikva,HPT,1f4f869ya31jh0biwiipqxpj2,Hapoel Petah Tikva,,2xg0qvif1rh7du6wmk2eleku3,Ligat Ha'al,612694,Songa,Chipyoka,Centre Forward,1,79,20,1,79,29.82,7,7,54.6,191.1,3901.1,14,7,113.4,234.3,4562.1,8.28,10,5,54.3,145.1,3495.2,13,9,114.0,281.2,4981.6
1,1scymdq7a8sos1h5bvepm33zd,318312,L. Rotman,Liran Rotman,Left Winger,245,Hapoel Tel Aviv,Hapoel TA,HTA,dv6fn97f0kx4x988y86gkmwb8,Hapoel Tel Aviv,#ff0000,2xg0qvif1rh7du6wmk2eleku3,Ligat Ha'al,210731,Liran,Rotman,Left Winger,1,45,29,1,49,26.71,6,4,31.8,247.1,2815.2,1,1,32.7,183.4,2764.2,7.42,0,0,0.0,0.0,0.0,8,5,64.5,430.7,5589.0
1,7kdjfzamp2pttc7g3bdhfchec,960654,R. Binyamin,Ran Binyamin,Central Midfielder,245,Hapoel Tel Aviv,Hapoel TA,HTA,dv6fn97f0kx4x988y86gkmwb8,Hapoel Tel Aviv,#ff0000,2xg0qvif1rh7du6wmk2eleku3,Ligat Ha'al,590901,Ran,Binyamin,Central Midfielder,1,45,21,1,49,27.40,8,5,47.0,165.7,3162.7,6,2,37.9,202.5,2798.5,7.61,0,0,0.0,0.0,0.0,14,7,84.9,368.7,5973.6
1,7oh7f9j26ik3k3khu960w1fro,987699,M. Abu Rumi,Muhammad Abu Rumi,Right Winger,2788,Ironi Kiryat Shmona,Kiryat Shmona,IKS,e2ryr6aied781hzc7hx9yntk8,Ironi Kiryat Shmona,#D3D3D3,2xg0qvif1rh7du6wmk2eleku3,Ligat Ha'al,606186,Muhammad,Abu Rumi,Right Winger,1,90,21,1,95,29.64,7,4,71.2,275.1,6111.9,11,4,121.3,328.3,4606.1,8.23,9,5,83.0,249.4,5438.6,9,5,109.8,354.1,5294.6
1,afj5u37835t1dkagjc9jmxppm,846119,O. Bilu,Oz Bilu,Centre Forward,2787,Maccabi Netanya,M Netanya,MNT,6j9xcfzg0gp8j84yaoidmspaw,Maccabi Netanya,,2xg0qvif1rh7du6wmk2eleku3,Ligat Ha'al,512415,Oz,Bilu,Centre Forward,1,80,24,1,80,31.38,10,4,16.0,124.8,4760.2,15,7,217.3,310.9,4415.3,8.72,11,2,138.5,166.9,3676.9,14,9,95.7,269.0,5511.0
1,6lk22pf6jquikx5auy7e87wx6,747844,Clé,Clé,Left Attacking Midfielder,2792,Hapoel Petah Tikva,H Petah Tikva,HPT,1f4f869ya31jh0biwiipqxpj2,Hapoel Petah Tikva,,2xg0qvif1rh7du6wmk2eleku3,Ligat Ha'al,622469,Euclides,Tavares Andrade,Left Attacking Midfielder,1,69,27,1,69,27.19,2,2,14.6,178.0,3592.3,6,7,72.5,191.6,3702.0,7.55,4,3,29.8,131.4,2565.0,5,6,57.3,239.1,4739.7
1,5rf0jhxtd07bnndbjh0ovf4r9,184038,G. Amos,Gad Amos,Goalkeeper,16514,Maccabi Bnei Raina,Bnei Raina,RNA,bvgvmydv5tuf6lxvwvuwbrfje,Maccabi Bnei Raina,,2xg0qvif1rh7du6wmk2eleku3,Ligat Ha'al,74461,Gad,Amos,Goalkeeper,1,90,36,1,103,21.77,2,1,0.0,9.9,2781.3,2,2,10.3,15.5,2035.4,6.05,4,1,10.3,23.4,2510.8,0,2,0.0,2.1,2314.1
1,168y83gw8t2rvawtf6cty3hex,527200,S. Fadida,Sa'ar Fadida,Left Attacking Midfielder,16514,Maccabi Bnei Raina,Bnei Raina,RNA,bvgvmydv5tuf6lxvwvuwbrfje,Maccabi Bnei Raina,,2xg0qvif1rh7du6wmk2eleku3,Ligat Ha'al,234916,Sa'ar,Fadida,Left Attacking Midfielder,1,79,28,1,82,28.70,8,6,111.7,377.9,4624.3,9,2,89.9,342.9,4272.0,7.97,2,1,88.2,207.8,2941.1,15,7,113.9,514.8,5970.6
1,2rtx5fdppxirmf6sttk0uqz56,778420,T. Muzie,Timothy Muzie,Left Attacking Midfielder,469,Beitar Jerusalem,Beitar,BJM,cx0rucvdzkg1yd00vrueu2u7,Beitar Jerusalem,,2xg0qvif1rh7du6wmk2eleku3,Ligat Ha'al,512260,Timothy,Muzie,Left Attacking Midfielder,1,90,24,1,101,31.61,9,5,200.8,432.6,7207.6,11,8,110.4,309.1,3412.2,8.78,16,9,177.9,386.5,5695.0,5,5,133.3,356.9,4938.0
1,cntz26i7p4q9fyzh55xswpudw,999291,J. Kalu,Johnbosco Kalu,Centre Forward,469,Beitar Jerusalem,Beitar,BJM,cx0rucvdzkg1yd00vrueu2u7,Beitar Jerusalem,,2xg0qvif1rh7du6wmk2eleku3,Ligat Ha'al,573605,Johnbosco,Kalu,Centre Forward,1,31,27,1,28,29.92,2,4,38.6,110.4,2014.6,1,2,78.2,111.5,1174.3,8.31,0,0,0.0,0.0,0.0,3,6,116.7,222.1,3193.2
1,3smmetumwei5dkt296qnz1ex,532371,A. Eshata,Awaka Eshata,Right Back,15112,Hapoel Jerusalem,H Jerusalem,HJM,ehmuu62daxvzhvn2wfoe9t86y,Hapoel Jerusalem,,2xg0qvif1rh7du6wmk2eleku3,Ligat Ha'al,549484,Awaka,Eshata,Right Back,1,45,26,1,49,25.44,2,1,15.1,87.2,3049.3,3,2,12.2,40.6,2256.2,7.07,0,0,0.0,0.0,0.0,5,3,27.3,128.2,5312.0
1,4q5v1wx6mekt94vck7kedexhw,858231,Y. Teper,Yonatan Teper,Central Midfielder,18909,Ironi Tiberias,I Tiberias,ITB,8k3kbfzfqi2senhosaaimvgjm,Ironi Tiberias,,2xg0qvif1rh7du6wmk2eleku3,Ligat Ha'al,624021,Yonatan,Teper,Central Midfielder,1,23,24,1,22,27.64,2,3,11.1,48.5,1542.6,1,0,30.0,46.1,829.6,7.68,0,0,0.0,0.0,0.0,3,3,41.2,94.6,2374.2
1,a9gkoirq90d9aa4haa7eyd7ft,286141,O. Nadir,Ofek Nadir,Left Back,15112,Hapoel Jerusalem,H Jerusalem,HJM,ehmuu62daxvzhvn2wfoe9t86y,Hapoel Jerusalem,,2xg0qvif1rh7du6wmk2eleku3,Ligat Ha'al,235668,Ofek,Nadir,Left Back,1,77,26,1,80,30.18,10,6,184.2,295.7,4924.1,7,3,33.8,135.5,4265.7,8.38,5,3,187.9,219.9,3669.9,12,6,30.4,211.3,5530.8
1,4ygr4t3mxxkiaf13cr4hp1ii1,540541,O. Darwish,Obeida Darwish,Right Back,2788,Ironi Kiryat Shmona,Kiryat Shmona,IKS,e2ryr6aied781hzc7hx9yntk8,Ironi Kiryat Shmona,#D3D3D3,2xg0qvif1rh7du6wmk2eleku3,Ligat Ha'al,590894,Obeida,Darwish,Right Back,1,90,26,1,95,28.17,9,5,72.7,386.1,5937.1,3,3,148.2,218.0,4478.0,7.83,8,4,140.6,297.3,5532.7,4,4,80.6,307.5,4899.4
1,56durctv5ftmbu9zbmvy9jims,,A. Taha,Ahmad Taha,Central Midfielder,2789,Bnei Sakhnin,Sakhnin,BNS,54hbubv11m3ygghs51uperow9,Bnei Sakhnin,,2xg0qvif1rh7du6wmk2eleku3,Ligat Ha'al,590888,Ahmad,Taha,Central Midfielder,1,60,20,1,63,31.64,5,7,145.7,286.4,3936.2,4,1,25.9,31.2,2974.9,8.79,2,1,57.5,41.1,1400.4,8,7,114.4,277.0,5522.5
1,5whynqf5opfxdhlhfdtydrgq2,847263,M. Abu Nil,Muhammad Abu Nil,Goalkeeper,2789,Bnei Sakhnin,Sakhnin,BNS,54hbubv11m3ygghs51uperow9,Bnei Sakhnin,,2xg0qvif1rh7du6wmk2eleku3,Ligat Ha'al,512446,Muhammad,Abu Nil,Goalkeeper,1,90,24,1,103,19.48,3,5,2.0,13.1,3878.4,3,6,0.0,4.8,2960.5,5.41,1,5,0.0,3.4,3267.1,5,6,2.0,14.5,3581.3
1,7yoti49up7torl5o9f6ah69yh,286146,A. Azugi,Alon Azugi,Right Back,2789,Bnei Sakhnin,Sakhnin,BNS,54hbubv11m3ygghs51uperow9,Bnei Sakhnin,,2xg0qvif1rh7du6wmk2eleku3,Ligat Ha'al,463654,Alon,Azugi,Right Back,1,82,26,1,86,28.57,20,9,121.9,410.5,5739.6,4,2,48.8,133.3,3937.5,7.94,9,3,71.4,225.1,3774.9,15,9,99.2,319.4,5917.3
1,kvny4bvfkzrpm0vi8u391qeh,483606,M. Shaker,Muhamad Shaker,Right Attacking Midfielder,16514,Maccabi Bnei Raina,Bnei Raina,RNA,bvgvmydv5tuf6lxvwvuwbrfje,Maccabi Bnei Raina,,2xg0qvif1rh7du6wmk2eleku3,Ligat Ha'al,227447,Muhamad,Shaker,Right Attacking Midfielder,1,90,28,1,103,31.28,17,4,240.4,346.2,6420.3,11,3,219.7,298.7,4632.4,8.69,7,1,148.0,304.9,5534.4,21,6,312.9,341.5,5533.6
1,1761f95ysqp2xfavgo4v9whcl,291835,G. Badash,Guy Badash,Right Attacking Midfielder,15112,Hapoel Jerusalem,H Jerusalem,HJM,ehmuu62daxvzhvn2wfoe9t86y,Hapoel Jerusalem,,2xg0qvif1rh7du6wmk2eleku3,Ligat Ha'al,222303,Guy,Badash,Right Attacking Midfielder,1,90,31,1,102,25.86,8,4,27.9,297.9,5451.1,7,11,38.1,285.0,4652.6,7.18,10,12,42.5,406.9,5048.2,5,4,23.5,177.0,5067.3
1,2nvmxpj8gh0ubhbepwp1w213o,993451,E. Madmon,Elad Madmon,Left Attacking Midfielder,1007,Maccabi Tel Aviv,Maccabi TA,MTA,ealjallt13942jb2q2hk4buxa,Maccabi Tel Aviv,#FFFF00,2xg0qvif1rh7du6wmk2eleku3,Ligat Ha'al,624084,Elad,Madmon,Left Attacking Midfielder,1,45,21,1,47,30.28,9,4,83.4,246.1,2795.6,2,1,74.2,178.0,3098.4,8.41,0,0,0.0,0.0,0.0,12,5,158.0,424.6,5901.2
1,3hsoubkc41gbw0cflqyzx83u2,846800,R. Unger,Ron Unger,Right Wing Back,18909,Ironi Tiberias,I Tiberias,ITB,8k3kbfzfqi2senhosaaimvgjm,Ironi Tiberias,,2xg0qvif1rh7du6wmk2eleku3,Ligat Ha'al,512535,Ron,Unger,Right Wing Back,1,90,24,1,97,27.70,17,11,43.9,337.2,6773.8,13,6,121.0,217.9,4109.5,7.69,13,9,87.5,258.0,5051.0,19,10,77.4,297.8,5844.1
1,8eeb2fz5l6onpqsobl4pro9p0,943046,O. Baye,Orel Baye,Left Attacking Midfielder,15112,Hapoel Jerusalem,H Jerusalem,HJM,ehmuu62daxvzhvn2wfoe9t86y,Hapoel Jerusalem,,2xg0qvif1rh7du6wmk2eleku3,Ligat Ha'al,582793,Orel,Baye,Left Attacking Midfielder,1,3,21,1,2,28.88,1,1,23.9,6.0,246.2,0,0,0.0,0.0,67.3,8.02,0,0,0.0,0.0,0.0,1,1,23.9,6.0,313.8
1,ab1edl8fxlvptd7416yuv7sut,298018,T. Ben Zaken,Tom Ben Zaken,Right Back,1942,Ashdod,Ashdod,ASH,3xbrfd77vj0zi8vbrnwqz54z,Ashdod,,2xg0qvif1rh7du6wmk2eleku3,Ligat Ha'al,234935,Tom,Ben Zaken,Right Back,1,45,30,1,50,26.54,6,5,15.0,222.7,2686.3,3,6,41.3,147.2,2463.0,7.37,0,0,0.0,0.0,0.0,10,12,56.3,370.6,5157.5
1,dvnvalf9m5m8302a1qy19444,878303,A. Levi,Adir Levi,Right Attacking Midfielder,1942,Ashdod,Ashdod,ASH,3xbrfd77vj0zi8vbrnwqz54z,Ashdod,,2xg0qvif1rh7du6wmk2eleku3,Ligat Ha'al,534246,Adir,Levi,Right Attacking Midfielder,1,69,23,1,74,29.39,13,5,40.2,282.5,3895.3,22,9,161.2,399.1,5119.6,8.16,6,4,47.7,178.5,2647.3,30,13,153.7,504.3,6380.9
1,e5hecb7wjysyz5vvy1u8wbspg,849291,S. Turiel,Stav Turiel,Right Winger,245,Hapoel Tel Aviv,Hapoel TA,HTA,dv6fn97f0kx4x988y86gkmwb8,Hapoel Tel Aviv,#ff0000,2xg0qvif1rh7du6wmk2eleku3,Ligat Ha'al,512418,Stav,Turiel,Right Winger,1,90,24,1,103,30.80,10,9,50.4,374.0,4865.2,13,13,225.3,364.7,6501.3,8.56,9,10,140.6,359.7,5652.8,18,12,135.1,380.7,5731.1
1,biigntvnmyatamzo6u6w0fw89,819868,G. Diba,George Diba,Right Centre Back,3183,Hapoel Haifa,H Haifa,HHA,7cd60mgte8skipavum0o6ecyo,Hapoel Haifa,,2xg0qvif1rh7du6wmk2eleku3,Ligat Ha'al,549420,George,Diba,Right Centre Back,1,90,27,1,102,25.98,7,8,25.0,215.3,5242.2,2,5,25.5,94.7,5489.5,7.22,8,3,36.9,125.0,5545.4,2,10,13.9,185.6,5198.4
1,1ljdcv6yo519laekcjnf6i9gq,749284,G. Beni,Golan Beni,Centre Attacking Midfielder,2792,Hapoel Petah Tikva,H Petah Tikva,HPT,1f4f869ya31jh0biwiipqxpj2,Hapoel Petah Tikva,,2xg0qvif1rh7du6wmk2eleku3,Ligat Ha'al,475576,Golan,Beni,Centre Attacking Midfielder,1,69,24,1,69,25.54,3,0,20.5,399.2,4221.0,3,3,21.2,332.5,4333.7,7.09,3,2,8.5,183.7,2929.2,4,2,33.2,548.7,5637.9
1,75ln248xvpebdwz0u572j133d,488349,O. Katz,Omer Katz,Goalkeeper,2792,Hapoel Petah Tikva,H Petah Tikva,HPT,1f4f869ya31jh0biwiipqxpj2,Hapoel Petah Tikva,,2xg0qvif1rh7du6wmk2eleku3,Ligat Ha'al,488201,Omer,Katz,Goalkeeper,1,90,27,1,95,18.81,3,2,0.0,12.8,2424.2,2,2,0.0,5.1,2971.4,5.23,3,3,0.0,8.1,3226.1,2,1,0.0,9.8,2178.5
1,ed5h5unlqyk1p83o92yfelzhl,487872,M. Gantus,Maroun Gantus,Right Centre Back,2789,Bnei Sakhnin,Sakhnin,BNS,54hbubv11m3ygghs51uperow9,Bnei Sakhnin,,2xg0qvif1rh7du6wmk2eleku3,Ligat Ha'al,234880,Maroun,Gantus,Right Centre Back,1,90,29,1,103,30.31,24,12,130.1,386.5,6466.2,8,0,31.7,165.3,3877.3,8.42,25,12,103.1,297.7,5193.2,9,2,58.7,255.6,5166.2
1,ee3rkow0hamg95akjrax2ksbu,786511,Z. Ahmed,Zahi Ahmed,Right Attacking Midfielder,3012,Hapoel Be'er Sheva,H Be'er Sheva,HBS,9ppjmek1r3tb9yddebneaxj7i,Hapoel Be'er Sheva,#ff0000,2xg0qvif1rh7du6wmk2eleku3,Ligat Ha'al,625981,Zahi,Ahmed,Right Attacking Midfielder,1,63,24,1,66,30.25,5,4,106.4,262.2,2727.7,13,7,80.7,285.8,4747.6,8.40,4,3,61.5,78.4,1898.9,17,9,125.6,469.9,5583.8
1,d250qr9jyk8yjt0k6b44kohgq,834547,I. Tamam,Ilay Tamam,Centre Attacking Midfielder,1942,Ashdod,Ashdod,ASH,3xbrfd77vj0zi8vbrnwqz54z,Ashdod,,2xg0qvif1rh7du6wmk2eleku3,Ligat Ha'al,512561,Ilay,Tamam,Centre Attacking Midfielder,1,59,24,1,63,28.98,6,1,36.2,294.2,3951.1,9,3,147.4,381.8,4200.6,8.05,4,2,53.8,182.9,1533.7,12,4,130.2,494.0,6631.1
1,5se3q4aim0hm17xyb0k65g355,328351,D. Nir,Dror Nir,Left Back,2792,Hapoel Petah Tikva,H Petah Tikva,HPT,1f4f869ya31jh0biwiipqxpj2,Hapoel Petah Tikva,,2xg0qvif1rh7du6wmk2eleku3,Ligat Ha'al,607131,Dror,Nir,Left Back,1,89,32,1,93,28.28,14,5,115.4,364.9,4503.7,4,5,51.1,161.5,5324.5,7.86,7,7,51.6,270.9,5031.8,11,3,115.0,255.9,4810.9
1,dqjl4656em78riczpw1cx2wkq,846208,R. Keller,Rotem Keller,Left Wing Back,2787,Maccabi Netanya,M Netanya,MNT,6j9xcfzg0gp8j84yaoidmspaw,Maccabi Netanya,,2xg0qvif1rh7du6wmk2eleku3,Ligat Ha'al,512586,Rotem,Keller,Left Wing Back,1,90,22,1,96,31.47,10,9,83.2,218.9,5270.1,8,5,188.3,269.9,4747.0,8.74,5,9,93.7,225.2,4957.9,13,5,177.9,263.8,5071.7
1,7g2mvl0zfjphlr7nou5i4f1pm,821860,G. Mizrahi,Guy Mizrahi,Right Back,3012,Hapoel Be'er Sheva,H Be'er Sheva,HBS,9ppjmek1r3tb9yddebneaxj7i,Hapoel Be'er Sheva,#ff0000,2xg0qvif1rh7du6wmk2eleku3,Ligat Ha'al,534476,Guy,Mizrahi,Right Back,1,72,24,1,75,27.13,12,5,64.0,254.9,3365.6,6,2,16.2,172.7,5556.8,7.54,4,1,7.2,146.4,3070.9,14,6,73.2,281.4,5861.1
1,cglg6zav52fhsjjqpcv1o1jpw,896913,H. Yermakov,Heorhii Yermakov,Goalkeeper,491,Maccabi Haifa,M Haifa,MHA,bglyqy0awtu6lzvpab390rir2,Maccabi Haifa,#008000,2xg0qvif1rh7du6wmk2eleku3,Ligat Ha'al,543930,Heorhii,Yermakov,Goalkeeper,1,90,23,1,101,19.01,3,2,0.0,3.9,1864.0,1,0,0.0,0.0,3590.7,5.28,3,1,0.0,3.9,2949.0,1,1,0.0,0.0,2512.7
1,83krv4xlkpr3b2wlgqr1rm54a,,F. Abu Akel,Feras Abu Akel,Defensive Midfielder,16514,Maccabi Bnei Raina,Bnei Raina,RNA,bvgvmydv5tuf6lxvwvuwbrfje,Maccabi Bnei Raina,,2xg0qvif1rh7du6wmk2eleku3,Ligat Ha'al,491396,Feras,Abu Akel,Defensive Midfielder,1,55,28,1,57,24.72,4,7,19.6,238.9,3404.2,1,4,0.0,78.1,3289.3,6.87,1,1,0.0,12.4,776.1,5,10,19.6,305.1,5930.4
1,1dswxaginufki0o6lncurtlp0,,N. Shedo,Nevo Shedo,Centre Forward,16514,Maccabi Bnei Raina,Bnei Raina,RNA,bvgvmydv5tuf6lxvwvuwbrfje,Maccabi Bnei Raina,,2xg0qvif1rh7du6wmk2eleku3,Ligat Ha'al,570796,Nevo,Shedo,Centre Forward,1,90,22,1,103,29.48,13,6,41.5,284.0,6125.7,13,5,243.2,389.2,4864.2,8.19,9,3,95.3,215.2,5033.1,19,8,189.4,459.5,5976.2
1,36v1niqu06g03ctfbh4gm38ph,,R. Zikri,Roei Zikri,Left Attacking Midfielder,3183,Hapoel Haifa,H Haifa,HHA,7cd60mgte8skipavum0o6ecyo,Hapoel Haifa,,2xg0qvif1rh7du6wmk2eleku3,Ligat Ha'al,221979,Roei,Zikri,Left Attacking Midfielder,1,66,32,1,69,25.87,4,3,11.9,68.1,3337.3,5,5,32.0,172.4,4022.6,7.19,4,4,18.6,106.1,2169.0,5,4,25.2,134.9,5200.0
1,7y9bnumjsieu519lt9xoyc844,,B. Shaheen,Bilal Shaheen,Left Back,2788,Ironi Kiryat Shmona,Kiryat Shmona,IKS,e2ryr6aied781hzc7hx9yntk8,Ironi Kiryat Shmona,#D3D3D3,2xg0qvif1rh7du6wmk2eleku3,Ligat Ha'al,591183,Bilal,Shaheen,Left Back,1,54,22,1,54,32.61,6,3,133.9,182.3,3275.4,2,1,5.6,36.0,2182.3,9.06,2,1,43.3,59.1,960.4,6,4,96.2,159.4,4505.5
1,ddaypsfbnqmy5cuewt5ykw3kk,,J. Bushnak,Jubayer Bushnaq,Central Midfielder,2789,Bnei Sakhnin,Sakhnin,BNS,54hbubv11m3ygghs51uperow9,Bnei Sakhnin,,2xg0qvif1rh7du6wmk2eleku3,Ligat Ha'al,549348,Jubayer,Bushnaq,Central Midfielder,1,83,22,1,86,28.44,14,7,61.7,239.4,5397.7,11,6,129.4,341.5,3936.5,7.90,7,3,101.8,306.3,4062.6,21,10,89.3,275.3,5285.3
1,4yj0tpvyk7hrj7iejv52autey,,D. Dzhulani,Daniel Dzhulani,Left Wing Back,18909,Ironi Tiberias,I Tiberias,ITB,8k3kbfzfqi2senhosaaimvgjm,Ironi Tiberias,,2xg0qvif1rh7du6wmk2eleku3,Ligat Ha'al,512601,Daniel,Dzhulani,Left Wing Back,1,23,22,1,22,25.82,2,1,17.2,102.6,1559.0,1,0,0.0,29.0,679.2,7.17,0,0,0.0,0.0,0.0,3,1,17.2,131.6,2240.2
1,9kuizd40190klm83a9b5zzpey,,Aílson Tavares,Aílson Tavares,Defensive Midfielder,469,Beitar Jerusalem,Beitar,BJM,cx0rucvdzkg1yd00vrueu2u7,Beitar Jerusalem,,2xg0qvif1rh7du6wmk2eleku3,Ligat Ha'al,660606,Aílson Júnior,Mendes Tavares,Defensive Midfielder,1,90,27,1,101,30.69,10,7,133.3,391.5,7177.7,4,1,20.7,119.9,3640.1,8.52,6,6,78.1,273.3,5646.7,8,3,76.3,238.6,5185.4
1,cuuqsx3evq71cml0vhz7i4odm,,Y. Nassar,Yazen Nassar,Left Back,245,Hapoel Tel Aviv,Hapoel TA,HTA,dv6fn97f0kx4x988y86gkmwb8,Hapoel Tel Aviv,#ff0000,2xg0qvif1rh7du6wmk2eleku3,Ligat Ha'al,512460,Yazen,Nassar,Left Back,1,90,28,1,103,29.46,18,4,229.4,365.6,4602.5,13,8,84.4,271.3,5974.2,8.18,12,4,145.0,250.0,5073.6,20,8,169.7,388.0,5519.0
1,16w6vjcelqzzrf5frk2ug08dm,,H. Shapso,Haroun Shapso,Right Centre Back,18909,Ironi Tiberias,I Tiberias,ITB,8k3kbfzfqi2senhosaaimvgjm,Ironi Tiberias,,2xg0qvif1rh7du6wmk2eleku3,Ligat Ha'al,607041,Haroun,Shapso,Right Centre Back,1,90,26,1,97,24.81,12,5,13.5,162.4,5657.3,5,6,2.0,46.8,3070.3,6.89,9,9,2.0,107.6,4301.1,8,2,13.5,101.9,4435.9
1,3ndislzuxmyb6flq1g33zvthw,,A. Idoko,Andrew Idoko,Centre Forward,15112,Hapoel Jerusalem,H Jerusalem,HJM,ehmuu62daxvzhvn2wfoe9t86y,Hapoel Jerusalem,,2xg0qvif1rh7du6wmk2eleku3,Ligat Ha'al,666795,Andrew,Idoko,Centre Forward,1,63,19,1,67,28.69,7,6,45.9,177.9,4223.0,4,4,104.4,187.9,3273.7,7.97,2,4,12.1,112.8,1928.8,9,6,138.4,253.6,5577.9
1,5t6m3svpmmbcmvmfot76bipsk,,D. Dappa,Daniel Dappa,Centre Forward,245,Hapoel Tel Aviv,Hapoel TA,HTA,dv6fn97f0kx4x988y86gkmwb8,Hapoel Tel Aviv,#ff0000,2xg0qvif1rh7du6wmk2eleku3,Ligat Ha'al,663583,Daniel,Dappa,Centre Forward,1,90,17,1,103,28.17,7,6,44.0,411.3,4674.4,10,4,107.3,316.4,5389.4,7.82,8,4,97.7,283.4,4766.2,10,6,53.9,445.2,5312.8
1,5071els4ac7xna8wahv7dfcic,,Y. Ferber,Yonatan Ferber,Right Attacking Midfielder,3183,Hapoel Haifa,H Haifa,HHA,7cd60mgte8skipavum0o6ecyo,Hapoel Haifa,,2xg0qvif1rh7du6wmk2eleku3,Ligat Ha'al,663588,Yonatan,Ferber,Right Attacking Midfielder,1,84,23,1,86,28.51,10,5,53.5,313.0,4885.8,12,4,69.0,274.5,5158.6,7.92,4,1,66.1,270.5,4265.0,18,8,56.5,317.3,5790.8
1,4pbo2umjes1p883exi0v66iok,,Y. Distelfeld,Yanai Distalfeld,Defensive Midfielder,15112,Hapoel Jerusalem,H Jerusalem,HJM,ehmuu62daxvzhvn2wfoe9t86y,Hapoel Jerusalem,,2xg0qvif1rh7du6wmk2eleku3,Ligat Ha'al,579141,Yanai,Distalfeld,Defensive Midfielder,1,45,20,1,49,27.31,3,3,13.7,147.6,3481.0,8,3,54.7,174.3,2668.6,7.59,0,0,0.0,0.0,0.0,12,6,68.5,322.6,6157.1
1,7ylyw91n1olijhdk2utpdbm6s,,I. Diakite,Ibrahim Diakite,Right Centre Back,1942,Ashdod,Ashdod,ASH,3xbrfd77vj0zi8vbrnwqz54z,Ashdod,,2xg0qvif1rh7du6wmk2eleku3,Ligat Ha'al,680111,Ibrahim,Diakite,Right Centre Back,1,90,21,1,103,29.27,17,9,172.7,319.1,4496.3,12,5,62.2,256.3,5831.3,8.13,11,6,141.4,267.7,5169.9,21,9,93.5,308.8,5174.6
1,79jw6xirvkcww3kk1za3hrsic,,T. Haimovich,Tamir Haimovich,Left Centre Back,15112,Hapoel Jerusalem,H Jerusalem,HJM,ehmuu62daxvzhvn2wfoe9t86y,Hapoel Jerusalem,,2xg0qvif1rh7du6wmk2eleku3,Ligat Ha'al,700067,Tamir,Haimovich,Left Centre Back,1,90,22,1,102,28.48,13,3,151.2,324.5,5284.1,2,3,1.7,110.2,4679.2,7.91,6,3,96.8,233.3,5143.8,12,3,56.0,201.5,4830.3
1,38m43xlm5zsqppf6gcm7ng2z8,,J. Batoum,Jean Batoum,Centre Forward,1942,Ashdod,Ashdod,ASH,3xbrfd77vj0zi8vbrnwqz54z,Ashdod,,2xg0qvif1rh7du6wmk2eleku3,Ligat Ha'al,699210,Jean,Batoum,Centre Forward,1,90,23,1,103,30.30,10,2,123.1,207.2,3898.5,23,13,185.5,484.6,6308.4,8.42,16,12,141.3,275.9,4818.0,17,4,168.1,416.8,5404.7
1,3s5i50iv9abqsq15fvevoffxm,,O. Shamir,Omri Shamir,Central Midfielder,2787,Maccabi Netanya,M Netanya,MNT,6j9xcfzg0gp8j84yaoidmspaw,Maccabi Netanya,,2xg0qvif1rh7du6wmk2eleku3,Ligat Ha'al,701880,Omri,Shamir,Central Midfielder,1,68,22,1,69,27.32,5,1,63.1,206.0,4320.5,5,1,9.7,112.7,3802.2,7.59,2,0,54.4,164.2,2619.4,8,2,18.5,155.5,5514.2
1,3pqbfpqicht6vll0fosml3tp0,,J. Bi,Djiamgone Jocelin Ta Bi,Right Attacking Midfielder,2792,Hapoel Petah Tikva,H Petah Tikva,HPT,1f4f869ya31jh0biwiipqxpj2,Hapoel Petah Tikva,,2xg0qvif1rh7du6wmk2eleku3,Ligat Ha'al,699989,Djiamgone Jocelin Ta,Bi,Right Attacking Midfielder,1,90,20,1,95,30.26,14,6,135.4,289.8,4455.1,11,16,185.6,431.0,5523.7,8.41,12,7,122.1,334.9,5345.5,13,15,199.3,387.7,4648.4
1,9fsq3wvshee4whkvr3q08tqay,,I. Rotman,Itay Rotman,Left Centre Back,2792,Hapoel Petah Tikva,H Petah Tikva,HPT,1f4f869ya31jh0biwiipqxpj2,Hapoel Petah Tikva,,2xg0qvif1rh7du6wmk2eleku3,Ligat Ha'al,521872,Itay,Rotman,Left Centre Back,1,90,23,1,95,27.46,6,6,64.4,325.5,4299.1,2,6,0.0,33.1,4985.9,7.63,5,9,9.0,165.3,4843.2,4,4,55.4,193.5,4456.0
155,kc3wmrtfwhvbpq70g4kf66dx,253406,S. Jehezkel,Sagiv Jehezkel,Left Winger,1007,Maccabi Tel Aviv,Maccabi TA,MTA,ealjallt13942jb2q2hk4buxa,Maccabi Tel Aviv,#FFFF00,2xg0qvif1rh7du6wmk2eleku3,Ligat Ha'al,184659,Sagiv,Jehezkel,Left Winger,1,45,30,0,49,30.42,6,6,42.6,115.1,2548.2,11,3,155.4,208.4,3181.1,8.45,18,9,198.3,323.8,5736.5,0,0,0.0,0.0,0.0
155,v4bceoe3ohmlfv54igzc67rp,100985,D. Micha,Dor Micha,,469,Beitar Jerusalem,Beitar,BJM,cx0rucvdzkg1yd00vrueu2u7,Beitar Jerusalem,,2xg0qvif1rh7du6wmk2eleku3,Ligat Ha'al,105782,Dor,Micha,,0,0,33,0,0,0.00,0,0,0.0,0.0,0.0,0,0,0.0,0.0,0.0,-,0,0,0.0,0.0,0.0,0,0,0.0,0.0,0.0
155,a73ygj1fuda9a1z6p62hhc79x,225157,Nahuel Leiva,Nahuel Leiva,Centre Forward,491,Maccabi Haifa,M Haifa,MHA,bglyqy0awtu6lzvpab390rir2,Maccabi Haifa,#008000,2xg0qvif1rh7du6wmk2eleku3,Ligat Ha'al,178063,Nahuel,Leiva,Centre Forward,1,59,28,0,73,28.25,4,1,20.7,160.6,2551.7,15,4,89.7,265.0,5022.5,7.85,15,4,107.7,302.9,5457.6,4,1,2.8,123.0,2127.3
155,e8an897mmidiq51r2wz1c3jdh,179554,Xande Silva,Xande Silva,Central Midfielder,245,Hapoel Tel Aviv,Hapoel TA,HTA,dv6fn97f0kx4x988y86gkmwb8,Hapoel Tel Aviv,#ff0000,2xg0qvif1rh7du6wmk2eleku3,Ligat Ha'al,209925,Alexandre,Nascimento da Costa e Silva,Central Midfielder,1,8,28,0,11,23.07,0,1,0.0,11.3,225.1,1,1,0.0,18.3,530.1,6.41,1,2,0.0,29.6,756.4,0,0,0.0,0.0,0.0
155,bal6fetsu9dmfjtbjfp4d16mt,145536,O. Davidzada,Ofir Davidzada,Left Back,3012,Hapoel Be'er Sheva,H Be'er Sheva,HBS,9ppjmek1r3tb9yddebneaxj7i,Hapoel Be'er Sheva,#ff0000,2xg0qvif1rh7du6wmk2eleku3,Ligat Ha'al,87604,Ofir,Davidzada,Left Back,1,27,34,0,31,28.55,4,2,65.4,206.9,1642.4,1,1,0.0,39.2,1852.7,7.93,5,3,65.4,246.1,3498.4,0,0,0.0,0.0,0.0
155,ahcozqnpw09flmk5u7u0hyitx,154822,G. Morozov,Grigori Morozov,Second Striker,469,Beitar Jerusalem,Beitar,BJM,cx0rucvdzkg1yd00vrueu2u7,Beitar Jerusalem,,2xg0qvif1rh7du6wmk2eleku3,Ligat Ha'al,184936,Grigori,Morozov,Second Striker,1,59,31,0,73,30.14,8,4,136.2,254.4,5265.0,0,2,10.8,129.0,2400.5,8.37,8,4,102.2,226.8,5452.3,0,4,44.8,157.3,2224.1
155,cizosz1n010gqcla3ka77znit,213900,B. Machini,Benjamin Machini,,3183,Hapoel Haifa,H Haifa,HHA,7cd60mgte8skipavum0o6ecyo,Hapoel Haifa,,2xg0qvif1rh7du6wmk2eleku3,Ligat Ha'al,168022,Benjamin,Machini,,0,0,28,0,0,0.00,0,0,0.0,0.0,0.0,0,0,0.0,0.0,0.0,-,0,0,0.0,0.0,0.0,0,0,0.0,0.0,0.0
155,ee7vqdvs5yow5aa571bkr5ka1,468740,T. Awany,Timothy Awany,,1942,Ashdod,Ashdod,ASH,3xbrfd77vj0zi8vbrnwqz54z,Ashdod,,2xg0qvif1rh7du6wmk2eleku3,Ligat Ha'al,243409,Timothy,Awany,,0,0,29,0,0,0.00,0,0,0.0,0.0,0.0,0,0,0.0,0.0,0.0,-,0,0,0.0,0.0,0.0,0,0,0.0,0.0,0.0
155,909y6bbt3ht52rsu560ua5gid,140391,O. Marciano,Ofir Marciano,,3012,Hapoel Be'er Sheva,H Be'er Sheva,HBS,9ppjmek1r3tb9yddebneaxj7i,Hapoel Be'er Sheva,#ff0000,2xg0qvif1rh7du6wmk2eleku3,Ligat Ha'al,87589,Ofir,Marciano,,0,0,35,0,0,0.00,0,0,0.0,0.0,0.0,0,0,0.0,0.0,0.0,-,0,0,0.0,0.0,0.0,0,0,0.0,0.0,0.0
155,b7ri94n62dr73s1hb10br7lrd,285908,Lucas Ventura,Lucas Ventura,Defensive Midfielder,3012,Hapoel Be'er Sheva,H Be'er Sheva,HBS,9ppjmek1r3tb9yddebneaxj7i,Hapoel Be'er Sheva,#ff0000,2xg0qvif1rh7du6wmk2eleku3,Ligat Ha'al,245802,Lucas,de Souza Ventura,Defensive Midfielder,1,27,27,0,31,26.47,4,3,24.1,125.3,1532.0,1,0,4.6,37.6,1780.5,7.35,5,3,28.7,162.9,3316.2,0,0,0.0,0.0,0.0
155,63yryum0813b58ypffxkmzfu1,539353,E. Banda,Emmanuel Banda,Right Midfielder,16514,Maccabi Bnei Raina,Bnei Raina,RNA,bvgvmydv5tuf6lxvwvuwbrfje,Maccabi Bnei Raina,,2xg0qvif1rh7du6wmk2eleku3,Ligat Ha'al,423650,Emmanuel,Banda,Right Midfielder,1,35,27,0,46,25.08,4,1,20.0,179.2,2987.6,0,2,0.0,67.8,1308.3,6.97,4,3,20.0,247.2,4302.0,0,0,0.0,0.0,0.0
155,h6fnykutf90osvfg8nztozx1,283024,L. Angulo,Larry Angulo,Right Back,3183,Hapoel Haifa,H Haifa,HHA,7cd60mgte8skipavum0o6ecyo,Hapoel Haifa,,2xg0qvif1rh7du6wmk2eleku3,Ligat Ha'al,429379,Larry,Angulo,Right Back,1,6,30,0,16,25.78,4,1,13.0,31.9,917.6,1,3,0.0,11.4,971.2,7.16,5,4,13.0,43.3,1890.3,0,0,0.0,0.0,0.0
155,ad4wk3pirfydouf5exiz5m4fd,317563,K. Belic,Kristijan Belic,Second Striker,1007,Maccabi Tel Aviv,Maccabi TA,MTA,ealjallt13942jb2q2hk4buxa,Maccabi Tel Aviv,#FFFF00,2xg0qvif1rh7du6wmk2eleku3,Ligat Ha'al,232380,Kristijan,Belic,Second Striker,1,26,24,0,31,28.57,1,2,0.0,140.2,1652.0,1,2,39.4,100.9,1762.1,7.93,3,4,39.4,241.4,3418.7,0,0,0.0,0.0,0.0
155,amn3udbfnzvypqrtpn5zis7v9,211046,A. James,Adeniyi James,Centre Attacking Midfielder,2792,Hapoel Petah Tikva,H Petah Tikva,HPT,1f4f869ya31jh0biwiipqxpj2,Hapoel Petah Tikva,,2xg0qvif1rh7du6wmk2eleku3,Ligat Ha'al,134835,Adeniyi,James,Centre Attacking Midfielder,1,21,32,0,27,30.57,3,0,0.0,35.9,976.8,4,1,88.4,153.2,1974.0,8.49,8,1,88.4,189.5,2955.5,0,0,0.0,0.0,0.0
155,4xsgz8lflhpk2sm8bhwpcz8b9,235089,A. Habashi,Ayed Habashi,Right Back,16514,Maccabi Bnei Raina,Bnei Raina,RNA,bvgvmydv5tuf6lxvwvuwbrfje,Maccabi Bnei Raina,,2xg0qvif1rh7du6wmk2eleku3,Ligat Ha'al,176450,Ayed,Habashi,Right Back,1,10,30,0,21,29.21,4,3,23.2,33.5,1479.7,0,0,0.0,9.7,311.0,8.11,4,3,23.2,43.4,1793.1,0,0,0.0,0.0,0.0
155,60to2lm16a44euj8moxn37px,153680,A. Turgeman,Alon Turgeman,Centre Forward,3012,Hapoel Be'er Sheva,H Be'er Sheva,HBS,9ppjmek1r3tb9yddebneaxj7i,Hapoel Be'er Sheva,#ff0000,2xg0qvif1rh7du6wmk2eleku3,Ligat Ha'al,91658,Alon,Turgeman,Centre Forward,1,18,34,0,22,26.01,3,2,29.5,113.5,994.7,4,4,0.0,71.4,1439.6,7.22,7,6,29.5,185.1,2436.5,0,0,0.0,0.0,0.0
155,3951wkz9d2e7j3e91kfcpabc9,292036,E. Almog,Eylon Almog,,3012,Hapoel Be'er Sheva,H Be'er Sheva,HBS,9ppjmek1r3tb9yddebneaxj7i,Hapoel Be'er Sheva,#ff0000,2xg0qvif1rh7du6wmk2eleku3,Ligat Ha'al,429569,Eylon,Almog,,0,0,26,0,0,0.00,0,0,0.0,0.0,0.0,0,0,0.0,0.0,0.0,-,0,0,0.0,0.0,0.0,0,0,0.0,0.0,0.0
155,3utjoc91z876cxfem6uk0lrzd,310492,I. Elmkies,Ilay Elmkies,Defensive Midfielder,18909,Ironi Tiberias,I Tiberias,ITB,8k3kbfzfqi2senhosaaimvgjm,Ironi Tiberias,,2xg0qvif1rh7du6wmk2eleku3,Ligat Ha'al,465844,Ilay,Elmkies,Defensive Midfielder,1,45,25,0,47,24.55,4,4,9.8,201.6,3663.3,3,2,0.0,149.0,2302.5,6.82,8,6,9.8,351.8,5974.0,0,0,0.0,0.0,0.0
155,cvvph0d3o6tld421xokabl2ei,660767,K. Kimvuidi,Karim Kimvuidi,Central Midfielder,1942,Ashdod,Ashdod,ASH,3xbrfd77vj0zi8vbrnwqz54z,Ashdod,,2xg0qvif1rh7du6wmk2eleku3,Ligat Ha'al,498714,Karim,Kimvuidi,Central Midfielder,1,45,23,0,53,28.22,1,3,0.0,102.4,1666.8,9,8,75.6,245.6,3791.3,7.84,11,12,75.6,348.4,5465.6,0,0,0.0,0.0,0.0
155,dexq6c0zgzjs7zgdiglwww8ut,243321,D. Domgjoni,David Domgjoni,,15112,Hapoel Jerusalem,H Jerusalem,HJM,ehmuu62daxvzhvn2wfoe9t86y,Hapoel Jerusalem,,2xg0qvif1rh7du6wmk2eleku3,Ligat Ha'al,182257,David,Domgjoni,,0,0,28,0,0,0.00,0,0,0.0,0.0,0.0,0,0,0.0,0.0,0.0,-,0,0,0.0,0.0,0.0,0,0,0.0,0.0,0.0
155,873fybd09jmzs81bd5f8n9jl6,250721,B. Lederman,Ben Lederman,,1007,Maccabi Tel Aviv,Maccabi TA,MTA,ealjallt13942jb2q2hk4buxa,Maccabi Tel Aviv,#FFFF00,2xg0qvif1rh7du6wmk2eleku3,Ligat Ha'al,508035,Ben,Lederman,,0,0,25,0,0,0.00,0,0,0.0,0.0,0.0,0,0,0.0,0.0,0.0,-,0,0,0.0,0.0,0.0,0,0,0.0,0.0,0.0
155,ju8xnjfhdy2ksx8ql69nz651,253401,D. Hugi,Dor Hugi,Centre Attacking Midfielder,469,Beitar Jerusalem,Beitar,BJM,cx0rucvdzkg1yd00vrueu2u7,Beitar Jerusalem,,2xg0qvif1rh7du6wmk2eleku3,Ligat Ha'al,199175,Dor,Hugi,Centre Attacking Midfielder,1,15,30,0,23,31.20,2,1,22.4,106.4,2027.1,1,2,44.0,77.6,731.2,8.67,3,3,66.4,184.7,2761.9,0,0,0.0,0.0,0.0
155,9j42rbt74iw70uout0gx8rpat,220395,P. Cornud,Pierre Cornud,Left Back,491,Maccabi Haifa,M Haifa,MHA,bglyqy0awtu6lzvpab390rir2,Maccabi Haifa,#008000,2xg0qvif1rh7du6wmk2eleku3,Ligat Ha'al,435246,Pierre,Cornud,Left Back,1,29,28,0,37,26.85,2,2,30.0,156.5,1303.1,3,1,15.1,164.3,2651.0,7.46,6,3,45.2,321.0,3959.0,0,0,0.0,0.0,0.0
155,47xqx4s8aj2kirxmpzrw3macp,491101,S. Keouf,Shareef Keouf,,491,Maccabi Haifa,M Haifa,MHA,bglyqy0awtu6lzvpab390rir2,Maccabi Haifa,#008000,2xg0qvif1rh7du6wmk2eleku3,Ligat Ha'al,449810,Shareef,Keouf,,0,0,24,0,0,0.00,0,0,0.0,0.0,0.0,0,0,0.0,0.0,0.0,-,0,0,0.0,0.0,0.0,0,0,0.0,0.0,0.0
155,40tbeoz8aoa5cl6lrlpkkrdgp,539565,I. Shviro,Itamar Shviro,,18909,Ironi Tiberias,I Tiberias,ITB,8k3kbfzfqi2senhosaaimvgjm,Ironi Tiberias,,2xg0qvif1rh7du6wmk2eleku3,Ligat Ha'al,433677,Itamar,Shviro,,0,0,27,0,0,0.00,0,0,0.0,0.0,0.0,0,0,0.0,0.0,0.0,-,0,0,0.0,0.0,0.0,0,0,0.0,0.0,0.0
155,cnjbvnm73ttsbt56oul8zj4ve,847261,T. Tzarfati,Tomer Tzarfati,,2787,Maccabi Netanya,M Netanya,MNT,6j9xcfzg0gp8j84yaoidmspaw,Maccabi Netanya,,2xg0qvif1rh7du6wmk2eleku3,Ligat Ha'al,521868,Tomer,Tzarfati,,0,0,21,0,0,0.00,0,0,0.0,0.0,0.0,0,0,0.0,0.0,0.0,-,0,0,0.0,0.0,0.0,0,0,0.0,0.0,0.0
155,1c49hxvluzms3d2zu0p3l7504,741937,Heitor,Heitor,Left Centre Back,1007,Maccabi Tel Aviv,Maccabi TA,MTA,ealjallt13942jb2q2hk4buxa,Maccabi Tel Aviv,#FFFF00,2xg0qvif1rh7du6wmk2eleku3,Ligat Ha'al,515199,Heitor,Marinho dos Santos,Left Centre Back,1,45,25,0,49,29.20,5,6,109.5,137.4,2156.6,2,3,0.0,59.9,2573.4,8.11,7,10,109.5,197.8,4736.1,0,0,0.0,0.0,0.0
155,82n7a1g9p0clcllaeb8369h49,517934,M. Kna'an,Mohammad Kna'an,Left Midfielder,3012,Hapoel Be'er Sheva,H Be'er Sheva,HBS,9ppjmek1r3tb9yddebneaxj7i,Hapoel Be'er Sheva,#ff0000,2xg0qvif1rh7du6wmk2eleku3,Ligat Ha'al,475519,Mohammad,Kna'an,Left Midfielder,1,27,25,0,31,30.13,2,2,40.5,68.8,1294.3,3,4,48.9,82.1,1787.0,8.37,5,6,89.4,151.1,3084.0,0,0,0.0,0.0,0.0
155,8lxp365sp2j6k09uvz1303zhm,688552,A. Zargari,Aviel Zargari,Defensive Midfielder,469,Beitar Jerusalem,Beitar,BJM,cx0rucvdzkg1yd00vrueu2u7,Beitar Jerusalem,,2xg0qvif1rh7du6wmk2eleku3,Ligat Ha'al,491394,Aviel,Zargari,Defensive Midfielder,1,4,22,0,12,22.20,0,0,0.0,41.7,870.1,0,0,0.0,21.8,427.4,6.17,0,0,0.0,63.5,1299.0,0,0,0.0,0.0,0.0
155,aujtygjafoz85e9kn2i1b65wq,743928,O. Dahan,Ori Dahan,,469,Beitar Jerusalem,Beitar,BJM,cx0rucvdzkg1yd00vrueu2u7,Beitar Jerusalem,,2xg0qvif1rh7du6wmk2eleku3,Ligat Ha'al,475688,Ori,Dahan,,0,0,25,0,0,0.00,0,0,0.0,0.0,0.0,0,0,0.0,0.0,0.0,-,0,0,0.0,0.0,0.0,0,0,0.0,0.0,0.0
155,dmacht40k07rvftgefle0vnu2,732384,D. Leidner,Doron Leidner,Right Back,245,Hapoel Tel Aviv,Hapoel TA,HTA,dv6fn97f0kx4x988y86gkmwb8,Hapoel Tel Aviv,#ff0000,2xg0qvif1rh7du6wmk2eleku3,Ligat Ha'al,512564,Doron,Leidner,Right Back,1,4,23,0,14,29.37,1,3,32.9,37.6,404.9,5,1,62.3,87.5,1285.0,8.16,6,4,95.1,125.1,1692.6,0,0,0.0,0.0,0.0
155,92jmlo5muhda13fzwddweitxw,887922,N. Muche,Noam Muche,Central Midfielder,1942,Ashdod,Ashdod,ASH,3xbrfd77vj0zi8vbrnwqz54z,Ashdod,,2xg0qvif1rh7du6wmk2eleku3,Ligat Ha'al,560726,Noam,Muche,Central Midfielder,1,45,22,0,53,29.36,1,2,76.5,112.4,1962.0,14,4,88.8,279.7,4374.0,8.16,16,6,165.3,392.8,6345.6,0,0,0.0,0.0,0.0
155,a0hi1ib68o4m6jkldpwppm68k,843682,E. Kancepolsky,El Yam Kancepolsky,,245,Hapoel Tel Aviv,Hapoel TA,HTA,dv6fn97f0kx4x988y86gkmwb8,Hapoel Tel Aviv,#ff0000,2xg0qvif1rh7du6wmk2eleku3,Ligat Ha'al,534278,El Yam,Kancepolsky,,0,0,21,0,0,0.00,0,0,0.0,0.0,0.0,0,0,0.0,0.0,0.0,-,0,0,0.0,0.0,0.0,0,0,0.0,0.0,0.0
155,axvtgo2misp3lt7xlt0wndfdg,929494,L. Gliklich,Lior Gliklich,,16514,Maccabi Bnei Raina,Bnei Raina,RNA,bvgvmydv5tuf6lxvwvuwbrfje,Maccabi Bnei Raina,,2xg0qvif1rh7du6wmk2eleku3,Ligat Ha'al,560720,Lior,Gliklich,,0,0,22,0,0,0.00,0,0,0.0,0.0,0.0,0,0,0.0,0.0,0.0,-,0,0,0.0,0.0,0.0,0,0,0.0,0.0,0.0
155,dwcnyjfm5zidwda6mrwbtqfo,920675,Y. Laish,Yonatan Laish,,15112,Hapoel Jerusalem,H Jerusalem,HJM,ehmuu62daxvzhvn2wfoe9t86y,Hapoel Jerusalem,,2xg0qvif1rh7du6wmk2eleku3,Ligat Ha'al,560724,Yonatan,Laish,,0,0,21,0,0,0.00,0,0,0.0,0.0,0.0,0,0,0.0,0.0,0.0,-,0,0,0.0,0.0,0.0,0,0,0.0,0.0,0.0
155,d72am0rnulc9t4dwbltfodxwp,558938,Z. Morgan,Ziv Morgan,,245,Hapoel Tel Aviv,Hapoel TA,HTA,dv6fn97f0kx4x988y86gkmwb8,Hapoel Tel Aviv,#ff0000,2xg0qvif1rh7du6wmk2eleku3,Ligat Ha'al,491442,Ziv,Morgan,,0,0,25,0,0,0.00,0,0,0.0,0.0,0.0,0,0,0.0,0.0,0.0,-,0,0,0.0,0.0,0.0,0,0,0.0,0.0,0.0
155,1l0anlzm25gwqb8klbsi7ws9g,902925,O. Melika,Ofek Melika,,1007,Maccabi Tel Aviv,Maccabi TA,MTA,ealjallt13942jb2q2hk4buxa,Maccabi Tel Aviv,#FFFF00,2xg0qvif1rh7du6wmk2eleku3,Ligat Ha'al,579146,Ofek,Melika,,0,0,20,0,0,0.00,0,0,0.0,0.0,0.0,0,0,0.0,0.0,0.0,-,0,0,0.0,0.0,0.0,0,0,0.0,0.0,0.0
155,3xf3blufuohmj49larszjp5as,953278,N. Ben Harush,Noam Ben Harush,,1007,Maccabi Tel Aviv,Maccabi TA,MTA,ealjallt13942jb2q2hk4buxa,Maccabi Tel Aviv,#FFFF00,2xg0qvif1rh7du6wmk2eleku3,Ligat Ha'al,579148,Noam,Ben Harush,,0,0,20,0,0,0.00,0,0,0.0,0.0,0.0,0,0,0.0,0.0,0.0,-,0,0,0.0,0.0,0.0,0,0,0.0,0.0,0.0
155,41jmpagjbdp8ux9cwqh6txw5w,953270,A. Mashiah,Amit Mashiah,,2792,Hapoel Petah Tikva,H Petah Tikva,HPT,1f4f869ya31jh0biwiipqxpj2,Hapoel Petah Tikva,,2xg0qvif1rh7du6wmk2eleku3,Ligat Ha'al,579163,Amit,Mashiah,,0,0,20,0,0,0.00,0,0,0.0,0.0,0.0,0,0,0.0,0.0,0.0,-,0,0,0.0,0.0,0.0,0,0,0.0,0.0,0.0
155,tey17atns6j7rh4q1jhvuprd,532503,S. Elias,Shay Elias,,3012,Hapoel Be'er Sheva,H Be'er Sheva,HBS,9ppjmek1r3tb9yddebneaxj7i,Hapoel Be'er Sheva,#ff0000,2xg0qvif1rh7du6wmk2eleku3,Ligat Ha'al,463610,Shay,Elias,,0,0,26,0,0,0.00,0,0,0.0,0.0,0.0,0,0,0.0,0.0,0.0,-,0,0,0.0,0.0,0.0,0,0,0.0,0.0,0.0
155,a5yl0md0zxxjcxi930xsglsa2,693364,I. Noy,Itamar Noy,Central Midfielder,1007,Maccabi Tel Aviv,Maccabi TA,MTA,ealjallt13942jb2q2hk4buxa,Maccabi Tel Aviv,#FFFF00,2xg0qvif1rh7du6wmk2eleku3,Ligat Ha'al,584665,Itamar,Noy,Central Midfielder,1,26,24,0,31,24.86,4,3,0.0,124.8,1655.9,2,2,11.3,131.3,1984.3,6.91,6,5,11.3,256.3,3645.0,0,0,0.0,0.0,0.0
155,2otwqf0chdohkxa10f9bc2c8a,827280,R. N'Do,Regis N'Do,Right Attacking Midfielder,3183,Hapoel Haifa,H Haifa,HHA,7cd60mgte8skipavum0o6ecyo,Hapoel Haifa,,2xg0qvif1rh7du6wmk2eleku3,Ligat Ha'al,519355,Regis,N'Do,Right Attacking Midfielder,1,41,24,0,52,29.07,5,3,11.9,43.6,3111.8,2,5,180.9,246.9,2759.6,8.08,7,8,192.9,290.7,5877.1,0,0,0.0,0.0,0.0
155,6arkbm0yog3nhfmpb743cz9ey,693366,D. Gropper,Denny Gropper,,1007,Maccabi Tel Aviv,Maccabi TA,MTA,ealjallt13942jb2q2hk4buxa,Maccabi Tel Aviv,#FFFF00,2xg0qvif1rh7du6wmk2eleku3,Ligat Ha'al,474983,Denny,Gropper,,0,0,26,0,0,0.00,0,0,0.0,0.0,0.0,0,0,0.0,0.0,0.0,-,0,0,0.0,0.0,0.0,0,0,0.0,0.0,0.0
155,43a6ddkm7zns12a8ql0sf30us,984467,S. Abu Farhi,Sayed Abu Farhi,Left Attacking Midfielder,1007,Maccabi Tel Aviv,Maccabi TA,MTA,ealjallt13942jb2q2hk4buxa,Maccabi Tel Aviv,#FFFF00,2xg0qvif1rh7du6wmk2eleku3,Ligat Ha'al,601938,Sayed,Abu Farhi,Left Attacking Midfielder,1,14,19,0,19,29.22,3,1,32.1,61.9,762.3,2,1,17.0,88.0,1126.4,8.12,5,2,49.4,149.9,1891.3,0,0,0.0,0.0,0.0
155,9bb5cg8no9pv7mb3cqy26xudw,953526,I. Oli,Ido Oli,,15112,Hapoel Jerusalem,H Jerusalem,HJM,ehmuu62daxvzhvn2wfoe9t86y,Hapoel Jerusalem,,2xg0qvif1rh7du6wmk2eleku3,Ligat Ha'al,601934,Ido,Oli,,0,0,19,0,0,0.00,0,0,0.0,0.0,0.0,0,0,0.0,0.0,0.0,-,0,0,0.0,0.0,0.0,0,0,0.0,0.0,0.0
155,7atwtbirx3l23dd1p8viuzg4q,883283,Luccas Paraizo,Luccas Paraizo,Centre Forward,2787,Maccabi Netanya,M Netanya,MNT,6j9xcfzg0gp8j84yaoidmspaw,Maccabi Netanya,,2xg0qvif1rh7du6wmk2eleku3,Ligat Ha'al,608286,Luccas,Paraizo Feitosa,Centre Forward,1,66,23,0,73,33.19,4,3,81.8,109.5,4159.1,11,1,136.1,245.8,3526.9,9.22,9,2,165.6,204.5,4924.9,7,2,52.5,151.6,2770.1
155,411co2wtciic1m7u5cng9bjvu,787079,T. Stewart,Trivante Stewart,Centre Forward,491,Maccabi Haifa,M Haifa,MHA,bglyqy0awtu6lzvpab390rir2,Maccabi Haifa,#008000,2xg0qvif1rh7du6wmk2eleku3,Ligat Ha'al,603542,Trivante,Stewart,Centre Forward,1,29,25,0,37,29.06,4,0,12.3,46.1,1087.0,1,5,58.2,102.8,2172.6,8.07,6,5,70.4,149.2,3264.3,0,0,0.0,0.0,0.0
155,4v7uk2jzifp716lchq1zdaesq,669461,O. Agvadish,Omer Agvadish,Right Back,15112,Hapoel Jerusalem,H Jerusalem,HJM,ehmuu62daxvzhvn2wfoe9t86y,Hapoel Jerusalem,,2xg0qvif1rh7du6wmk2eleku3,Ligat Ha'al,549496,Omer,Agvadish,Right Back,1,45,24,0,53,29.20,7,4,77.6,251.7,2665.4,5,3,52.4,119.2,3211.9,8.11,12,8,130.0,371.5,5883.3,0,0,0.0,0.0,0.0
155,e6rhc21ownwfq6zgrmnd6ygkq,688547,R. Elimelech,Roey Elimelech,,491,Maccabi Haifa,M Haifa,MHA,bglyqy0awtu6lzvpab390rir2,Maccabi Haifa,#008000,2xg0qvif1rh7du6wmk2eleku3,Ligat Ha'al,548696,Roey,Elimelech,,0,0,23,0,0,0.00,0,0,0.0,0.0,0.0,0,0,0.0,0.0,0.0,-,0,0,0.0,0.0,0.0,0,0,0.0,0.0,0.0
155,efr0xlfk7a40ds8t4a6r4710p,738077,R. Levy,Roy Levy,,3012,Hapoel Be'er Sheva,H Be'er Sheva,HBS,9ppjmek1r3tb9yddebneaxj7i,Hapoel Be'er Sheva,#ff0000,2xg0qvif1rh7du6wmk2eleku3,Ligat Ha'al,475584,Roy,Levy,,0,0,25,0,0,0.00,0,0,0.0,0.0,0.0,0,0,0.0,0.0,0.0,-,0,0,0.0,0.0,0.0,0,0,0.0,0.0,0.0
155,2wtgd206ztbi9bze9fxb06wic,960926,B. Khuri,Basil Khuri,Centre Attacking Midfielder,2789,Bnei Sakhnin,Sakhnin,BNS,54hbubv11m3ygghs51uperow9,Bnei Sakhnin,,2xg0qvif1rh7du6wmk2eleku3,Ligat Ha'al,590889,Basil,Khuri,Centre Attacking Midfielder,1,30,21,0,40,27.40,2,2,32.5,150.4,3131.8,3,0,18.3,129.6,1075.4,7.61,5,3,50.8,280.2,4213.0,0,0,0.0,0.0,0.0
155,4eni579noyjud6365u44dl6qy,846253,S. Kani,Silva Kani,Right Attacking Midfielder,469,Beitar Jerusalem,Beitar,BJM,cx0rucvdzkg1yd00vrueu2u7,Beitar Jerusalem,,2xg0qvif1rh7du6wmk2eleku3,Ligat Ha'al,508389,Silva,Kani,Right Attacking Midfielder,1,4,22,0,12,30.36,3,1,6.0,73.5,984.7,1,2,44.6,90.8,538.2,8.43,4,3,50.6,164.5,1525.0,0,0,0.0,0.0,0.0
155,7innzjmv1su43edpij2y5tgk4,850811,O. Korsia,Omer Korsia,Left Centre Back,2789,Bnei Sakhnin,Sakhnin,BNS,54hbubv11m3ygghs51uperow9,Bnei Sakhnin,,2xg0qvif1rh7du6wmk2eleku3,Ligat Ha'al,598354,Omer,Korsia,Left Centre Back,1,23,22,0,33,26.68,12,6,22.5,96.5,2424.5,1,1,6.5,12.5,865.5,7.41,14,7,29.0,109.2,3293.7,0,0,0.0,0.0,0.0
155,bu7is80u60h3xqk2jelczpnh0,947623,N. Dabush,Nehoray Dabush,Left Winger,1942,Ashdod,Ashdod,ASH,3xbrfd77vj0zi8vbrnwqz54z,Ashdod,,2xg0qvif1rh7du6wmk2eleku3,Ligat Ha'al,582851,Nehoray,Dabush,Left Winger,1,12,20,0,21,28.68,1,1,31.8,47.1,719.5,6,1,27.7,68.8,1437.7,7.97,7,2,59.4,116.4,2160.4,0,0,0.0,0.0,0.0
155,5mzh1ji7che42jnagg6xdqz11,276100,A. Mahamid,Anas Mahamid,Left Centre Back,245,Hapoel Tel Aviv,Hapoel TA,HTA,dv6fn97f0kx4x988y86gkmwb8,Hapoel Tel Aviv,#ff0000,2xg0qvif1rh7du6wmk2eleku3,Ligat Ha'al,234946,Anas,Mahamid,Left Centre Back,1,17,27,0,27,29.00,2,2,4.8,73.9,834.5,4,1,63.2,130.9,1830.2,8.05,6,4,68.1,205.1,2668.3,0,0,0.0,0.0,0.0
155,ecwmmvkcayzydfuixdbrvdzop,505833,Y. Cohen,Yarden Cohen,,469,Beitar Jerusalem,Beitar,BJM,cx0rucvdzkg1yd00vrueu2u7,Beitar Jerusalem,,2xg0qvif1rh7du6wmk2eleku3,Ligat Ha'al,234924,Yarden,Cohen,,0,0,28,0,0,0.00,0,0,0.0,0.0,0.0,0,0,0.0,0.0,0.0,-,0,0,0.0,0.0,0.0,0,0,0.0,0.0,0.0
155,6sj4t947pw44fvl6oryis5a1g,952747,A. Cohen,Ariel Cohen,,245,Hapoel Tel Aviv,Hapoel TA,HTA,dv6fn97f0kx4x988y86gkmwb8,Hapoel Tel Aviv,#ff0000,2xg0qvif1rh7du6wmk2eleku3,Ligat Ha'al,582849,Ariel,Cohen,,0,0,22,0,0,0.00,0,0,0.0,0.0,0.0,0,0,0.0,0.0,0.0,-,0,0,0.0,0.0,0.0,0,0,0.0,0.0,0.0
155,8wu9q44d622cv286oflodqwwk,1019766,A. Porat Ayash,Anis Porat Ayash,Centre Forward,3183,Hapoel Haifa,H Haifa,HHA,7cd60mgte8skipavum0o6ecyo,Hapoel Haifa,,2xg0qvif1rh7du6wmk2eleku3,Ligat Ha'al,631312,Anis,Porat Ayash,Centre Forward,1,7,20,0,16,28.32,2,3,11.0,50.6,1065.9,3,3,13.3,90.9,938.2,7.87,5,6,24.5,141.8,2006.1,0,0,0.0,0.0,0.0
155,aebm2e6wazf3ifupp54em3co9,315726,M. Badarna,Muhamad Badarna,Left Midfielder,2789,Bnei Sakhnin,Sakhnin,BNS,54hbubv11m3ygghs51uperow9,Bnei Sakhnin,,2xg0qvif1rh7du6wmk2eleku3,Ligat Ha'al,234886,Muhamad,Badarna,Left Midfielder,1,7,29,0,17,29.45,3,1,14.0,76.7,1328.0,2,0,29.8,21.3,639.1,8.18,5,1,43.7,98.0,1969.5,0,0,0.0,0.0,0.0
155,e0uiuemhng2qf09aolydaub8q,846796,S. Tagi,Sahar Tagi,Central Midfielder,2787,Maccabi Netanya,M Netanya,MNT,6j9xcfzg0gp8j84yaoidmspaw,Maccabi Netanya,,2xg0qvif1rh7du6wmk2eleku3,Ligat Ha'al,590895,Sahar,Tagi,Central Midfielder,1,22,24,0,27,28.92,2,5,52.8,124.5,1607.8,3,0,17.5,79.4,1123.1,8.03,5,5,70.3,203.9,2734.5,0,0,0.0,0.0,0.0
155,3m65pb71varah0jd4mahgf0us,877727,N. Gotlieb,Niv Gotlieb,Right Midfielder,18909,Ironi Tiberias,I Tiberias,ITB,8k3kbfzfqi2senhosaaimvgjm,Ironi Tiberias,,2xg0qvif1rh7du6wmk2eleku3,Ligat Ha'al,590905,Niv,Gotlieb,Right Midfielder,1,67,22,0,75,28.16,5,2,23.6,174.0,5070.1,4,2,143.1,283.2,3235.6,7.82,7,2,108.7,225.0,5049.6,3,2,58.3,232.5,3265.3
155,3m5x0jpqhpdrgreap9v5wjqsq,669315,L. Halaf,Loei Halaf,Second Striker,2787,Maccabi Netanya,M Netanya,MNT,6j9xcfzg0gp8j84yaoidmspaw,Maccabi Netanya,,2xg0qvif1rh7du6wmk2eleku3,Ligat Ha'al,591172,Loei,Halaf,Second Striker,1,10,25,0,16,25.52,1,0,0.0,45.2,979.8,0,2,7.6,22.8,640.0,7.09,1,2,7.6,68.0,1621.1,0,0,0.0,0.0,0.0
155,49tqj719qzzeb3d6al9nzfx79,153672,R. Shukrani,Roei Shukrani,Left Midfielder,16514,Maccabi Bnei Raina,Bnei Raina,RNA,bvgvmydv5tuf6lxvwvuwbrfje,Maccabi Bnei Raina,,2xg0qvif1rh7du6wmk2eleku3,Ligat Ha'al,87616,Roei,Shukrani,Left Midfielder,1,11,35,0,21,24.18,3,3,0.0,112.8,1721.6,0,0,0.0,7.3,468.6,6.72,3,3,0.0,120.1,2193.1,0,0,0.0,0.0,0.0
155,8lwmaxhsw77eial8ue39rzd,527199,I. Vaier,Ido Vaier,,2788,Ironi Kiryat Shmona,Kiryat Shmona,IKS,e2ryr6aied781hzc7hx9yntk8,Ironi Kiryat Shmona,#D3D3D3,2xg0qvif1rh7du6wmk2eleku3,Ligat Ha'al,234915,Ido,Vaier,,0,0,28,0,0,0.00,0,0,0.0,0.0,0.0,0,0,0.0,0.0,0.0,-,0,0,0.0,0.0,0.0,0,0,0.0,0.0,0.0
155,eyvchqna7rm744kq9oewgr1m1,461486,R. Carmi,Raz Carmi,,1942,Ashdod,Ashdod,ASH,3xbrfd77vj0zi8vbrnwqz54z,Ashdod,,2xg0qvif1rh7du6wmk2eleku3,Ligat Ha'al,491448,Raz,Carmi,,0,0,29,0,0,0.00,0,0,0.0,0.0,0.0,0,0,0.0,0.0,0.0,-,0,0,0.0,0.0,0.0,0,0,0.0,0.0,0.0
155,79m5qu100wnfm1yncw9fnw7sa,834361,S. Mazal,Shavit Mazal,Centre Forward,2792,Hapoel Petah Tikva,H Petah Tikva,HPT,1f4f869ya31jh0biwiipqxpj2,Hapoel Petah Tikva,,2xg0qvif1rh7du6wmk2eleku3,Ligat Ha'al,512557,Shavit,Mazal,Centre Forward,1,21,23,0,27,31.01,2,2,8.5,75.1,1093.5,4,6,101.8,124.2,2171.4,8.61,6,8,110.6,199.5,3269.5,0,0,0.0,0.0,0.0
155,9pfybt7t7pixvkysqae8truy2,834140,S. Harush,Shalev Harush,,1942,Ashdod,Ashdod,ASH,3xbrfd77vj0zi8vbrnwqz54z,Ashdod,,2xg0qvif1rh7du6wmk2eleku3,Ligat Ha'al,512417,Shalev,Harush,,0,0,23,0,0,0.00,0,0,0.0,0.0,0.0,0,0,0.0,0.0,0.0,-,0,0,0.0,0.0,0.0,0,0,0.0,0.0,0.0
155,cldl55tv06ghvscv47ycqrw9g,957187,Y. Cabeda,Yasmao Kabeda,,3183,Hapoel Haifa,H Haifa,HHA,7cd60mgte8skipavum0o6ecyo,Hapoel Haifa,,2xg0qvif1rh7du6wmk2eleku3,Ligat Ha'al,626878,Yasmao,Kabeda,,0,0,24,0,0,0.00,0,0,0.0,0.0,0.0,0,0,0.0,0.0,0.0,-,0,0,0.0,0.0,0.0,0,0,0.0,0.0,0.0
155,4yyv3iaih43qzc300whcfreg9,532917,H. Shalom,Harel Shalom,Left Attacking Midfielder,15112,Hapoel Jerusalem,H Jerusalem,HJM,ehmuu62daxvzhvn2wfoe9t86y,Hapoel Jerusalem,,2xg0qvif1rh7du6wmk2eleku3,Ligat Ha'al,549491,Harel,Shalom,Left Attacking Midfielder,1,45,27,0,53,26.82,6,2,83.3,274.4,2770.6,2,2,17.9,138.4,3347.7,7.45,8,4,101.2,413.2,6125.1,0,0,0.0,0.0,0.0
155,29dylewli3q62m95z9taxj190,973375,Y. Swisa,Yarin Swisa,,18909,Ironi Tiberias,I Tiberias,ITB,8k3kbfzfqi2senhosaaimvgjm,Ironi Tiberias,,2xg0qvif1rh7du6wmk2eleku3,Ligat Ha'al,632065,Yarin,Swisa,,0,0,20,0,0,0.00,0,0,0.0,0.0,0.0,0,0,0.0,0.0,0.0,-,0,0,0.0,0.0,0.0,0,0,0.0,0.0,0.0
155,daqm0ziygdn6jvp9czd6vnp5g,1012197,M. Ganame,Mohamad Ganame,,2789,Bnei Sakhnin,Sakhnin,BNS,54hbubv11m3ygghs51uperow9,Bnei Sakhnin,,2xg0qvif1rh7du6wmk2eleku3,Ligat Ha'al,631322,Mohamad,Ganame,,0,0,21,0,0,0.00,0,0,0.0,0.0,0.0,0,0,0.0,0.0,0.0,-,0,0,0.0,0.0,0.0,0,0,0.0,0.0,0.0
155,dsaoeuhw6y3imgs4u1rzz4huy,745347,M. Gosha,Matan Gosha,,2792,Hapoel Petah Tikva,H Petah Tikva,HPT,1f4f869ya31jh0biwiipqxpj2,Hapoel Petah Tikva,,2xg0qvif1rh7du6wmk2eleku3,Ligat Ha'al,607134,Matan,Gosha,,0,0,26,0,0,0.00,0,0,0.0,0.0,0.0,0,0,0.0,0.0,0.0,-,0,0,0.0,0.0,0.0,0,0,0.0,0.0,0.0
155,dbmc15678uiombo2ijwop9q8k,1004534,D. Kulikov,Denis Kulikov,Central Defender,2787,Maccabi Netanya,M Netanya,MNT,6j9xcfzg0gp8j84yaoidmspaw,Maccabi Netanya,,2xg0qvif1rh7du6wmk2eleku3,Ligat Ha'al,624018,Denis,Kulikov,Central Defender,1,10,21,0,16,28.71,1,2,22.8,46.4,907.3,2,0,11.9,57.8,656.9,7.97,3,2,35.0,104.1,1565.8,0,0,0.0,0.0,0.0
155,8ngdontjkmz0sgcae3w9tp10q,846490,I. Dahan,Idan Aharon Dahan,,18909,Ironi Tiberias,I Tiberias,ITB,8k3kbfzfqi2senhosaaimvgjm,Ironi Tiberias,,2xg0qvif1rh7du6wmk2eleku3,Ligat Ha'al,508890,Idan Aharon,Dahan,,0,0,24,0,0,0.00,0,0,0.0,0.0,0.0,0,0,0.0,0.0,0.0,-,0,0,0.0,0.0,0.0,0,0,0.0,0.0,0.0
155,bt47zw2r2heps5qmykl7qdiqc,929492,E. Gethon,Elia Gethon,Right Winger,1942,Ashdod,Ashdod,ASH,3xbrfd77vj0zi8vbrnwqz54z,Ashdod,,2xg0qvif1rh7du6wmk2eleku3,Ligat Ha'al,636770,Elia,Gethon,Right Winger,1,31,20,0,40,31.30,7,2,98.8,137.3,1232.8,13,6,114.5,189.2,3204.4,8.69,20,8,213.9,326.8,4443.3,0,0,0.0,0.0,0.0
155,7l1unnwsalb7g0n4iffhogzys,1004467,Abed Yassin,Abed Yassin,,2789,Bnei Sakhnin,Sakhnin,BNS,54hbubv11m3ygghs51uperow9,Bnei Sakhnin,,2xg0qvif1rh7du6wmk2eleku3,Ligat Ha'al,641573,Abed Abdelhadi,Yassin,,0,0,21,0,0,0.00,0,0,0.0,0.0,0.0,0,0,0.0,0.0,0.0,-,0,0,0.0,0.0,0.0,0,0,0.0,0.0,0.0
155,3iq22rug4k9fwv25fnl7mhel0,1048052,M. Brami,Mor Brami,,16514,Maccabi Bnei Raina,Bnei Raina,RNA,bvgvmydv5tuf6lxvwvuwbrfje,Maccabi Bnei Raina,,2xg0qvif1rh7du6wmk2eleku3,Ligat Ha'al,644662,Mor,Brami,,0,0,22,0,0,0.00,0,0,0.0,0.0,0.0,0,0,0.0,0.0,0.0,-,0,0,0.0,0.0,0.0,0,0,0.0,0.0,0.0
155,9nnizof0ia18pkhkjsm1eqmfo,986667,O. Dahan,Omer Dahan,Centre Forward,491,Maccabi Haifa,M Haifa,MHA,bglyqy0awtu6lzvpab390rir2,Maccabi Haifa,#008000,2xg0qvif1rh7du6wmk2eleku3,Ligat Ha'al,592963,Omer,Dahan,Centre Forward,1,4,20,0,12,28.69,0,2,0.0,49.5,446.6,1,1,40.7,45.1,805.1,7.97,1,5,40.7,94.6,1253.2,0,0,0.0,0.0,0.0
155,3r0qm21y8ltii0xp3tq19sxlg,1019754,R. Ben Navi,Roy Ben Navi,,2792,Hapoel Petah Tikva,H Petah Tikva,HPT,1f4f869ya31jh0biwiipqxpj2,Hapoel Petah Tikva,,2xg0qvif1rh7du6wmk2eleku3,Ligat Ha'al,701197,Roy,Ben Navi,,0,0,21,0,0,0.00,0,0,0.0,0.0,0.0,0,0,0.0,0.0,0.0,-,0,0,0.0,0.0,0.0,0,0,0.0,0.0,0.0
155,awpj7huikvi3rttrmji5v3384,910397,O. Almagor,Ohad Almagor,Left Back,15112,Hapoel Jerusalem,H Jerusalem,HJM,ehmuu62daxvzhvn2wfoe9t86y,Hapoel Jerusalem,,2xg0qvif1rh7du6wmk2eleku3,Ligat Ha'al,647322,Ohad,Almagor,Left Back,1,13,23,0,22,25.98,3,2,22.7,63.1,1077.7,1,1,3.4,87.8,1296.7,7.22,4,3,26.1,151.2,2376.5,0,0,0.0,0.0,0.0
155,1uf02qwdkvi31t6qq73171444,969826,Z. Ben Shimol,Ziv Shimol,,469,Beitar Jerusalem,Beitar,BJM,cx0rucvdzkg1yd00vrueu2u7,Beitar Jerusalem,,2xg0qvif1rh7du6wmk2eleku3,Ligat Ha'al,592975,Ziv,Shimol,,0,0,21,0,0,0.00,0,0,0.0,0.0,0.0,0,0,0.0,0.0,0.0,-,0,0,0.0,0.0,0.0,0,0,0.0,0.0,0.0
155,f0ydyr0ufof928xow3xzfo104,1045035,D. Benyamini,Dor Benyamini,,245,Hapoel Tel Aviv,Hapoel TA,HTA,dv6fn97f0kx4x988y86gkmwb8,Hapoel Tel Aviv,#ff0000,2xg0qvif1rh7du6wmk2eleku3,Ligat Ha'al,656170,Dor,Benyamini,,0,0,20,0,0,0.00,0,0,0.0,0.0,0.0,0,0,0.0,0.0,0.0,-,0,0,0.0,0.0,0.0,0,0,0.0,0.0,0.0
155,998xgeu19uw3u31ulafwjchec,1012595,I. Hazut,Itay Hazut,Right Midfielder,3012,Hapoel Be'er Sheva,H Be'er Sheva,HBS,9ppjmek1r3tb9yddebneaxj7i,Hapoel Be'er Sheva,#ff0000,2xg0qvif1rh7du6wmk2eleku3,Ligat Ha'al,657463,Itay,Hazut,Right Midfielder,1,18,18,0,22,28.20,2,1,35.3,69.0,1017.6,2,2,21.3,42.8,1509.3,7.83,4,3,56.6,111.8,2529.5,0,0,0.0,0.0,0.0
155,8c8s1kxfoknh1tcgw95l904yc,902924,A. Lemkin,Amit Lemkin,Left Winger,245,Hapoel Tel Aviv,Hapoel TA,HTA,dv6fn97f0kx4x988y86gkmwb8,Hapoel Tel Aviv,#ff0000,2xg0qvif1rh7du6wmk2eleku3,Ligat Ha'al,658229,Amit,Lemkin,Left Winger,1,45,19,0,54,29.68,13,5,139.3,236.1,2089.4,6,2,80.7,229.8,3906.0,8.25,19,7,220.2,466.9,6003.5,0,0,0.0,0.0,0.0
155,4kswhnmgejyr2xjiw075bo6j8,1004521,I. Khalaili,Iyad Khalaili,,491,Maccabi Haifa,M Haifa,MHA,bglyqy0awtu6lzvpab390rir2,Maccabi Haifa,#008000,2xg0qvif1rh7du6wmk2eleku3,Ligat Ha'al,592952,Iyad,Khalaili,,0,0,19,0,0,0.00,0,0,0.0,0.0,0.0,0,0,0.0,0.0,0.0,-,0,0,0.0,0.0,0.0,0,0,0.0,0.0,0.0
155,2nb92mbm74gnosvj7xfyfn5xx,,M. Zalmanovich,Matan Zalmanovich,,2788,Ironi Kiryat Shmona,Kiryat Shmona,IKS,e2ryr6aied781hzc7hx9yntk8,Ironi Kiryat Shmona,#D3D3D3,2xg0qvif1rh7du6wmk2eleku3,Ligat Ha'al,234919,Matan,Zalmanovich,,0,0,31,0,0,0.00,0,0,0.0,0.0,0.0,0,0,0.0,0.0,0.0,-,0,0,0.0,0.0,0.0,0,0,0.0,0.0,0.0
155,2vop8xm87z7ax0sf6xrejnhbe,,A. Sheratzky,Ariel Sheratzky,Left Winger,2788,Ironi Kiryat Shmona,Kiryat Shmona,IKS,e2ryr6aied781hzc7hx9yntk8,Ironi Kiryat Shmona,#D3D3D3,2xg0qvif1rh7du6wmk2eleku3,Ligat Ha'al,521873,Ariel,Sheratzky,Left Winger,1,21,23,0,27,27.11,4,5,52.2,272.1,2435.1,3,3,4.6,120.8,1254.5,7.53,8,8,56.8,393.0,3695.2,0,0,0.0,0.0,0.0
155,aikv31wwwxmma4fzs1k765cve,,O. Benbenishti,Ofir Benbenishti,,2788,Ironi Kiryat Shmona,Kiryat Shmona,IKS,e2ryr6aied781hzc7hx9yntk8,Ironi Kiryat Shmona,#D3D3D3,2xg0qvif1rh7du6wmk2eleku3,Ligat Ha'al,591184,Ofir,Benbenishti,,0,0,25,0,0,0.00,0,0,0.0,0.0,0.0,0,0,0.0,0.0,0.0,-,0,0,0.0,0.0,0.0,0,0,0.0,0.0,0.0
155,4m4vjpo5eoftcske37mo52vhl,,M. Yosef,Mostafa Yosef,,2789,Bnei Sakhnin,Sakhnin,BNS,54hbubv11m3ygghs51uperow9,Bnei Sakhnin,,2xg0qvif1rh7du6wmk2eleku3,Ligat Ha'al,607056,Mostafa,Yosef,,0,0,29,0,0,0.00,0,0,0.0,0.0,0.0,0,0,0.0,0.0,0.0,-,0,0,0.0,0.0,0.0,0,0,0.0,0.0,0.0
155,8mbtbrut9gp4wcesrdkwmp2w9,,A. Cohen,Amit Cohen,Right Back,2787,Maccabi Netanya,M Netanya,MNT,6j9xcfzg0gp8j84yaoidmspaw,Maccabi Netanya,,2xg0qvif1rh7du6wmk2eleku3,Ligat Ha'al,433661,Amit,Cohen,Right Back,1,66,26,0,73,29.99,8,2,54.8,137.2,4189.9,8,4,102.1,224.3,3420.2,8.33,10,5,83.0,234.5,5041.2,6,1,73.9,127.3,2578.3
155,6nq9c3imrlsivsewak8nen816,,S. Rosen,Shahar Rosen,Left Back,2792,Hapoel Petah Tikva,H Petah Tikva,HPT,1f4f869ya31jh0biwiipqxpj2,Hapoel Petah Tikva,,2xg0qvif1rh7du6wmk2eleku3,Ligat Ha'al,607258,Shahar,Rosen,Left Back,1,1,22,0,3,23.97,1,0,0.0,6.8,92.9,0,0,0.0,21.8,244.5,6.66,1,0,0.0,28.7,338.0,0,0,0.0,0.0,0.0
155,41xb46jxg66nssj62bc9u7x90,,A. Kanani,Asil Kanani,Centre Attacking Midfielder,16514,Maccabi Bnei Raina,Bnei Raina,RNA,bvgvmydv5tuf6lxvwvuwbrfje,Maccabi Bnei Raina,,2xg0qvif1rh7du6wmk2eleku3,Ligat Ha'al,647009,Asil,Kanani,Centre Attacking Midfielder,1,1,23,0,8,31.90,1,1,41.5,63.9,691.6,1,0,43.6,27.1,291.4,8.86,2,1,85.5,90.9,985.1,0,0,0.0,0.0,0.0
155,5pld6vfaw6ff5a08dwg8a8xlg,,M. Amer,Mohamad Amer,,1942,Ashdod,Ashdod,ASH,3xbrfd77vj0zi8vbrnwqz54z,Ashdod,,2xg0qvif1rh7du6wmk2eleku3,Ligat Ha'al,665609,Mohamad,Amer,,0,0,22,0,0,0.00,0,0,0.0,0.0,0.0,0,0,0.0,0.0,0.0,-,0,0,0.0,0.0,0.0,0,0,0.0,0.0,0.0
155,480kfzkrbpi1yf5f7htc91wyc,,B. Hadadi,Ben Hadadi,Left Midfielder,1942,Ashdod,Ashdod,ASH,3xbrfd77vj0zi8vbrnwqz54z,Ashdod,,2xg0qvif1rh7du6wmk2eleku3,Ligat Ha'al,607027,Ben,Hadadi,Left Midfielder,1,21,22,0,29,30.01,2,2,21.9,24.8,1012.5,10,2,68.2,189.3,2528.4,8.34,12,5,90.1,214.6,3546.1,0,0,0.0,0.0,0.0
155,72dpsjk5l1hgwc09qrduypuui,,I. Sharon,Ido Sharon,,18909,Ironi Tiberias,I Tiberias,ITB,8k3kbfzfqi2senhosaaimvgjm,Ironi Tiberias,,2xg0qvif1rh7du6wmk2eleku3,Ligat Ha'al,512562,Ido,Sharon,,0,0,23,0,0,0.00,0,0,0.0,0.0,0.0,0,0,0.0,0.0,0.0,-,0,0,0.0,0.0,0.0,0,0,0.0,0.0,0.0
155,8815v1zug9oi6djd67bsp55w4,,Y. Mordechai,Yair Mordechai,Left Attacking Midfielder,2788,Ironi Kiryat Shmona,Kiryat Shmona,IKS,e2ryr6aied781hzc7hx9yntk8,Ironi Kiryat Shmona,#D3D3D3,2xg0qvif1rh7du6wmk2eleku3,Ligat Ha'al,591187,Yair,Mordechai,Left Attacking Midfielder,1,35,21,0,41,29.04,8,2,72.7,231.6,3038.2,3,5,6.7,127.7,1963.0,8.07,11,7,79.4,359.5,5008.9,0,0,0.0,0.0,0.0
155,1q05odst1ifvrcnpff09l4gd1,,E. Belilti,Eliyahu Belilti,Left Back,18909,Ironi Tiberias,I Tiberias,ITB,8k3kbfzfqi2senhosaaimvgjm,Ironi Tiberias,,2xg0qvif1rh7du6wmk2eleku3,Ligat Ha'al,234841,Eliyahu,Belilti,Left Back,1,67,31,0,75,30.04,4,7,65.6,212.7,4772.7,8,8,111.1,164.1,2922.8,8.34,7,8,123.8,185.0,4774.1,6,7,52.9,191.8,2928.7
155,afa7n07acvian4f62vey46j56,,O. Abuhav,Omer Abuhav,Right Winger,2789,Bnei Sakhnin,Sakhnin,BNS,54hbubv11m3ygghs51uperow9,Bnei Sakhnin,,2xg0qvif1rh7du6wmk2eleku3,Ligat Ha'al,663581,Omer,Abuhav,Right Winger,1,30,21,0,40,26.45,6,6,60.1,259.3,3352.9,0,0,0.0,35.4,1045.8,7.35,6,6,60.1,294.7,4404.4,0,0,0.0,0.0,0.0
155,9dl8xbth38dqd6muj9d2sm80k,,T. Arbel,Tamir Arbel,Centre Attacking Midfielder,3183,Hapoel Haifa,H Haifa,HHA,7cd60mgte8skipavum0o6ecyo,Hapoel Haifa,,2xg0qvif1rh7du6wmk2eleku3,Ligat Ha'al,607239,Tamir,Arbel,Centre Attacking Midfielder,1,6,23,0,16,28.74,1,0,35.1,42.9,961.4,0,0,0.0,13.9,1072.1,7.98,1,0,35.1,56.8,2035.3,0,0,0.0,0.0,0.0
155,d90juq4k225snptvboz4t5bf8,,C. Onyemuchara,Daniel Onyemuchara,Right Wing Back,2789,Bnei Sakhnin,Sakhnin,BNS,54hbubv11m3ygghs51uperow9,Bnei Sakhnin,,2xg0qvif1rh7du6wmk2eleku3,Ligat Ha'al,663582,Daniel,Onyemuchara,Right Wing Back,1,8,20,0,17,27.56,3,4,17.9,77.1,1327.7,2,1,0.0,10.7,537.6,7.66,5,5,17.9,88.1,1867.9,0,0,0.0,0.0,0.0
155,25imi4e1pfg91j9wlav6u67oq,,B. Gordin,Ben Gordin,,15112,Hapoel Jerusalem,H Jerusalem,HJM,ehmuu62daxvzhvn2wfoe9t86y,Hapoel Jerusalem,,2xg0qvif1rh7du6wmk2eleku3,Ligat Ha'al,570802,Ben,Gordin,,0,0,22,0,0,0.00,0,0,0.0,0.0,0.0,0,0,0.0,0.0,0.0,-,0,0,0.0,0.0,0.0,0,0,0.0,0.0,0.0
155,7c9nhm45crn84vnmw6eghrbx0,,B. Amian,Boni Amian,Defensive Midfielder,2792,Hapoel Petah Tikva,H Petah Tikva,HPT,1f4f869ya31jh0biwiipqxpj2,Hapoel Petah Tikva,,2xg0qvif1rh7du6wmk2eleku3,Ligat Ha'al,651666,Boni,Amian,Defensive Midfielder,1,11,22,0,16,29.29,4,2,5.6,79.8,933.3,0,1,26.1,93.9,1020.5,8.14,4,3,31.6,174.2,1957.2,0,0,0.0,0.0,0.0
155,1ac3srn2ykx26z44zl7k577dg,,Aiham Mater,Aiham Mater,,16514,Maccabi Bnei Raina,Bnei Raina,RNA,bvgvmydv5tuf6lxvwvuwbrfje,Maccabi Bnei Raina,,2xg0qvif1rh7du6wmk2eleku3,Ligat Ha'al,678577,Aiham,Mater,,0,0,19,0,0,0.00,0,0,0.0,0.0,0.0,0,0,0.0,0.0,0.0,-,0,0,0.0,0.0,0.0,0,0,0.0,0.0,0.0
155,blrsxcsmlr07tzu98qtpcnqj8,,O. Shnaper,Ori Shnaper,,2788,Ironi Kiryat Shmona,Kiryat Shmona,IKS,e2ryr6aied781hzc7hx9yntk8,Ironi Kiryat Shmona,#D3D3D3,2xg0qvif1rh7du6wmk2eleku3,Ligat Ha'al,666075,Ori,Shnaper,,0,0,21,0,0,0.00,0,0,0.0,0.0,0.0,0,0,0.0,0.0,0.0,-,0,0,0.0,0.0,0.0,0,0,0.0,0.0,0.0
155,3ocs6i6fxrq6cd0i3q3yq45ck,,S. Elkayam,Saar Elkayam,,3183,Hapoel Haifa,H Haifa,HHA,7cd60mgte8skipavum0o6ecyo,Hapoel Haifa,,2xg0qvif1rh7du6wmk2eleku3,Ligat Ha'al,684163,Saar,Elkayam,,0,0,17,0,0,0.00,0,0,0.0,0.0,0.0,0,0,0.0,0.0,0.0,-,0,0,0.0,0.0,0.0,0,0,0.0,0.0,0.0
155,7gjy9c5tw9lc7pbo6r7dlibys,,Y. Gonen,Yaad Gonen,Left Attacking Midfielder,3183,Hapoel Haifa,H Haifa,HHA,7cd60mgte8skipavum0o6ecyo,Hapoel Haifa,,2xg0qvif1rh7du6wmk2eleku3,Ligat Ha'al,684164,Yaad,Gonen,Left Attacking Midfielder,1,24,19,0,33,27.14,4,3,0.0,66.1,1892.1,1,2,58.3,115.9,1671.0,7.54,6,5,58.3,182.2,3566.4,0,0,0.0,0.0,0.0
155,due2slypuzm4bdc7xd7ecr7fu,,O. Itzhak,Omer Itzhak,Left Centre Back,18909,Ironi Tiberias,I Tiberias,ITB,8k3kbfzfqi2senhosaaimvgjm,Ironi Tiberias,,2xg0qvif1rh7du6wmk2eleku3,Ligat Ha'al,533886,Omer,Itzhak,Left Centre Back,1,60,24,0,68,26.50,1,5,35.3,73.1,4059.4,1,1,3.9,24.0,2474.9,7.36,2,3,3.4,57.5,4448.0,0,3,36.0,40.4,2093.7
155,3a0eih4zpvemhvlgggcxxh1ck,,J. Al Halabi,Jwan Al Halabi,Centre Forward,2788,Ironi Kiryat Shmona,Kiryat Shmona,IKS,e2ryr6aied781hzc7hx9yntk8,Ironi Kiryat Shmona,#D3D3D3,2xg0qvif1rh7du6wmk2eleku3,Ligat Ha'al,689641,Jwan,Al Halabi,Centre Forward,1,9,20,0,15,31.22,4,3,23.5,53.2,1005.9,2,3,54.9,92.9,888.5,8.67,6,6,78.4,147.1,1897.7,0,0,0.0,0.0,0.0
155,suaxn1lsh0ae372nq0zot5p0,,B. Feldman,Benny Feldman,,2787,Maccabi Netanya,M Netanya,MNT,6j9xcfzg0gp8j84yaoidmspaw,Maccabi Netanya,,2xg0qvif1rh7du6wmk2eleku3,Ligat Ha'al,690246,Benny,Feldman,,0,0,18,0,0,0.00,0,0,0.0,0.0,0.0,0,0,0.0,0.0,0.0,-,0,0,0.0,0.0,0.0,0,0,0.0,0.0,0.0
155,ajnjoa675hsoq7kvjjloqjn6c,,A. Ibrahim,Ali Ibrahim,,16514,Maccabi Bnei Raina,Bnei Raina,RNA,bvgvmydv5tuf6lxvwvuwbrfje,Maccabi Bnei Raina,,2xg0qvif1rh7du6wmk2eleku3,Ligat Ha'al,691300,Ali,Ibrahim,,0,0,19,0,0,0.00,0,0,0.0,0.0,0.0,0,0,0.0,0.0,0.0,-,0,0,0.0,0.0,0.0,0,0,0.0,0.0,0.0
155,7rnbhc9jk5ldgdnf6748mw1lg,,H. Goldenberg,Harel Goldenberg,Left Back,2788,Ironi Kiryat Shmona,Kiryat Shmona,IKS,e2ryr6aied781hzc7hx9yntk8,Ironi Kiryat Shmona,#D3D3D3,2xg0qvif1rh7du6wmk2eleku3,Ligat Ha'al,693172,Harel,Goldenberg,Left Back,1,36,20,0,41,29.86,5,1,74.1,239.8,2761.5,4,2,69.6,64.5,1874.4,8.29,10,3,144.0,304.6,4643.4,0,0,0.0,0.0,0.0
155,car2gyz0ezimf1o60mgee4x04,,Y. Karadi,Yoav Karadi,,2788,Ironi Kiryat Shmona,Kiryat Shmona,IKS,e2ryr6aied781hzc7hx9yntk8,Ironi Kiryat Shmona,#D3D3D3,2xg0qvif1rh7du6wmk2eleku3,Ligat Ha'al,693171,Yoav,Karadi,,0,0,19,0,0,0.00,0,0,0.0,0.0,0.0,0,0,0.0,0.0,0.0,-,0,0,0.0,0.0,0.0,0,0,0.0,0.0,0.0
155,ahutnfk9rgzmlwc9t6uccsbo4,,A. Arazi,Amit Arazi,,491,Maccabi Haifa,M Haifa,MHA,bglyqy0awtu6lzvpab390rir2,Maccabi Haifa,#008000,2xg0qvif1rh7du6wmk2eleku3,Ligat Ha'al,694822,Amit,Arazi,,0,0,20,0,0,0.00,0,0,0.0,0.0,0.0,0,0,0.0,0.0,0.0,-,0,0,0.0,0.0,0.0,0,0,0.0,0.0,0.0
155,c07q4vfh6dqnpp1y895kriuj8,,L. Cohen,Liam Cohen,,2787,Maccabi Netanya,M Netanya,MNT,6j9xcfzg0gp8j84yaoidmspaw,Maccabi Netanya,,2xg0qvif1rh7du6wmk2eleku3,Ligat Ha'al,695297,Liam,Cohen,,0,0,19,0,0,0.00,0,0,0.0,0.0,0.0,0,0,0.0,0.0,0.0,-,0,0,0.0,0.0,0.0,0,0,0.0,0.0,0.0
155,462rjvfcs0vuienfpwpmdtez8,,E. Amir,Elad Amir,,491,Maccabi Haifa,M Haifa,MHA,bglyqy0awtu6lzvpab390rir2,Maccabi Haifa,#008000,2xg0qvif1rh7du6wmk2eleku3,Ligat Ha'al,695852,Elad,Amir,,0,0,19,0,0,0.00,0,0,0.0,0.0,0.0,0,0,0.0,0.0,0.0,-,0,0,0.0,0.0,0.0,0,0,0.0,0.0,0.0
155,9hlyb2v0349p86qr36694f10,,R. Alkukin,Roei Alkukin,Right Attacking Midfielder,245,Hapoel Tel Aviv,Hapoel TA,HTA,dv6fn97f0kx4x988y86gkmwb8,Hapoel Tel Aviv,#ff0000,2xg0qvif1rh7du6wmk2eleku3,Ligat Ha'al,631350,Roei,Alkukin,Right Attacking Midfielder,1,45,21,0,54,28.75,2,2,102.0,134.8,2076.5,10,7,76.7,337.8,4180.8,7.99,14,9,179.1,473.1,6266.3,0,0,0.0,0.0,0.0
155,93cdzoowjlly6212vzy2s7190,,I. Daphah,Israel Daphah,Central Midfielder,15112,Hapoel Jerusalem,H Jerusalem,HJM,ehmuu62daxvzhvn2wfoe9t86y,Hapoel Jerusalem,,2xg0qvif1rh7du6wmk2eleku3,Ligat Ha'al,704433,Israel,Daphah,Central Midfielder,1,13,16,0,22,26.54,2,3,9.0,117.3,1263.2,3,1,33.5,36.8,1353.7,7.37,5,4,42.5,154.3,2619.2,0,0,0.0,0.0,0.0
155,cmhntcxk3uw1qvl9awq40dgr8,,N. Shprauo,Netanel Shprauo,Second Striker,15112,Hapoel Jerusalem,H Jerusalem,HJM,ehmuu62daxvzhvn2wfoe9t86y,Hapoel Jerusalem,,2xg0qvif1rh7du6wmk2eleku3,Ligat Ha'al,704432,Netanel,Shprauo,Second Striker,1,27,18,0,36,26.80,3,0,37.2,157.8,2066.8,7,2,13.0,60.4,2362.8,7.44,10,2,50.5,218.2,4433.4,0,0,0.0,0.0,0.0
155,6v1704rowxhblo4qp2dvkuxp0,,H. Mekonen,Haim Mekonen,,3183,Hapoel Haifa,H Haifa,HHA,7cd60mgte8skipavum0o6ecyo,Hapoel Haifa,,2xg0qvif1rh7du6wmk2eleku3,Ligat Ha'al,701482,Haim,Mekonen,,0,0,0,0,0,0.00,0,0,0.0,0.0,0.0,0,0,0.0,0.0,0.0,-,0,0,0.0,0.0,0.0,0,0,0.0,0.0,0.0
155,7c5nt0h5evw6bjrj7d6q1i2hg,,I. Goren,Idan Goren,,16514,Maccabi Bnei Raina,Bnei Raina,RNA,bvgvmydv5tuf6lxvwvuwbrfje,Maccabi Bnei Raina,,2xg0qvif1rh7du6wmk2eleku3,Ligat Ha'al,704481,Idan,Goren,,0,0,20,0,0,0.00,0,0,0.0,0.0,0.0,0,0,0.0,0.0,0.0,-,0,0,0.0,0.0,0.0,0,0,0.0,0.0,0.0
155,75n13w1jaew01mbius5z9vfo4,,Y. Ozer,Yehonatan Ozer,,469,Beitar Jerusalem,Beitar,BJM,cx0rucvdzkg1yd00vrueu2u7,Beitar Jerusalem,,2xg0qvif1rh7du6wmk2eleku3,Ligat Ha'al,701029,Yehonatan,Ozer,,0,0,25,0,0,0.00,0,0,0.0,0.0,0.0,0,0,0.0,0.0,0.0,-,0,0,0.0,0.0,0.0,0,0,0.0,0.0,0.0
155,dh328ad8pcgjtbnddg3tfeuqc,,S. Abu Husein,Shaker Abu Husein,,2789,Bnei Sakhnin,Sakhnin,BNS,54hbubv11m3ygghs51uperow9,Bnei Sakhnin,,2xg0qvif1rh7du6wmk2eleku3,Ligat Ha'al,704294,Shaker,Abu Husein,,0,0,0,0,0,0.00,0,0,0.0,0.0,0.0,0,0,0.0,0.0,0.0,-,0,0,0.0,0.0,0.0,0,0,0.0,0.0,0.0
155,1pwlesioycragkxm2n25dlst0,,R. David,Roee David,,2792,Hapoel Petah Tikva,H Petah Tikva,HPT,1f4f869ya31jh0biwiipqxpj2,Hapoel Petah Tikva,,2xg0qvif1rh7du6wmk2eleku3,Ligat Ha'al,607081,Roee,David,,0,0,21,0,0,0.00,0,0,0.0,0.0,0.0,0,0,0.0,0.0,0.0,-,0,0,0.0,0.0,0.0,0,0,0.0,0.0,0.0
155,2y9xko3s9kwppyrsrg2r9bxbe,,N. Gisin,Noam Gisin,Right Attacking Midfielder,2792,Hapoel Petah Tikva,H Petah Tikva,HPT,1f4f869ya31jh0biwiipqxpj2,Hapoel Petah Tikva,,2xg0qvif1rh7du6wmk2eleku3,Ligat Ha'al,702029,Noam,Gisin,Right Attacking Midfielder,1,11,25,0,16,28.21,3,2,14.2,34.2,813.4,1,3,46.9,107.0,1171.0,7.84,4,5,61.4,141.9,1988.3,0,0,0.0,0.0,0.0
155,22pa93gjgvigzpsomgzxpyq6s,,N. Hen,Nehoray Hen,Left Centre Back,18909,Ironi Tiberias,I Tiberias,ITB,8k3kbfzfqi2senhosaaimvgjm,Ironi Tiberias,,2xg0qvif1rh7du6wmk2eleku3,Ligat Ha'al,704986,Nehoray,Hen,Left Centre Back,1,17,0,0,22,25.07,1,0,8.9,34.6,1113.6,0,0,0.6,10.3,764.8,6.96,1,0,9.4,44.9,1880.1,0,0,0.0,0.0,0.0
155,cxyfu8pkqzc5cgky65id38opg,,D. Cohen,Daniel Cohen,,2787,Maccabi Netanya,M Netanya,MNT,6j9xcfzg0gp8j84yaoidmspaw,Maccabi Netanya,,2xg0qvif1rh7du6wmk2eleku3,Ligat Ha'al,701881,Daniel,Cohen,,0,0,19,0,0,0.00,0,0,0.0,0.0,0.0,0,0,0.0,0.0,0.0,-,0,0,0.0,0.0,0.0,0,0,0.0,0.0,0.0
